Date,BTC-USD,LTC-USD,NMC-USD,DOGE-USD,XRP-USD,DASH-USD,XMR-USD,XVG-USD,XLM-USD
2015-01-14,-0.3949011050992578,-0.4537716628147367,-0.39641348546644106,-0.3352600742786981,-0.31713284182305634,-0.36945393320498643,-0.517863219952083,1.0,-0.1828161120914712
2015-01-21,0.2739651056814001,0.18694740607661298,0.15591291445405564,0.33043476060201904,0.17002739134073486,0.47329345271835743,0.16886927714212785,-0.16666671719414827,0.17044929306401913
2015-01-28,0.030930290017661122,0.36314455382082844,0.05492506743869341,-0.05882350143807158,-0.1010628475262767,0.031109031585889735,0.113718515943116,0.0,-0.031460239766738174
2015-02-04,-0.030190439529981128,-0.04255828042946985,-0.004933950207834048,0.020833289121786835,-0.09832999614592963,0.11008796224010453,-0.00513097837024834,-0.5999999909050527,-0.2308477642359178
2015-02-11,-0.03380162208504478,-0.03621505412388237,-0.07453644560306205,-0.06122446151231231,0.020595628331222082,0.7665799272689204,-0.20031707293470202,1.0,-0.06640107276486296
2015-02-18,0.07820337459521753,0.05830596025055046,0.08672023259108008,0.03623184279545244,0.0010888415911256555,-0.12062034039952807,0.07347822255619563,0.24999997157829057,-0.10099570704009653
2015-02-25,0.004840758836872405,-0.014123499141024842,0.0002271364088317629,-0.006992958602853316,-0.028279292513566867,-0.022672276581624407,0.4697493353429647,2.799999927240422,0.0015822168085004584
2015-03-04,0.15000635488369274,0.07110755887708842,0.00182716698015839,0.007042204447024192,-0.25139913827120786,0.2612069539932671,0.13116749585758125,-0.2631578519074498,-0.08751968117869835
2015-03-11,0.08527158030811033,0.04961403484505067,0.030286341534258465,0.013986018967353298,0.019637148110553282,-0.10519276654484389,0.7324948837005314,0.0,0.014542885258515437
2015-03-18,-0.1352322089939122,-0.14002997352342683,-0.14047233069647358,-0.08275864975887981,0.033825428684717496,-0.011417159427921542,-0.10862666126730591,-0.07142859462996654,-0.09010236125240323
2015-03-25,-0.039414919926471725,-0.03982689224582747,-0.02569921287195165,-0.015037599743536134,-0.1380614576012653,0.706783896943397,0.2029187199596425,-0.07692303387007282,0.10052510907277079
2015-04-01,0.027652645991107283,0.0027911021027242633,-0.058011635921374594,-0.015267181508269445,-0.13263851800885584,-0.1410845224282017,0.26288438059426733,0.08333328280585173,-0.09202452673243378
2015-04-08,-0.03687282792720503,-0.05475587392509429,-0.1398591945584846,-0.09302317973579133,0.11054890662660855,-0.2458261503036927,-0.21774648611405945,-0.07692303387007282,-0.005630673444275702
2015-04-15,-0.0619798303646627,-0.10371765902884045,0.06397842936929687,-0.07692310084141163,-0.08769929693629874,-0.11995392893878964,-0.10499510125424083,0.0,0.043790180646349874
2015-04-22,0.03451417112156663,0.02835133919552235,-0.06660052402387096,0.018518524756479415,0.0011236331300623625,0.20430339603393421,-0.11106120139460673,0.2499999242087776,-0.0057866622991624705
2015-04-29,-0.001340601598758595,-0.014988931702110464,-0.014923648488470165,-0.06363638468252186,0.0012469896645148637,-0.18016535937202505,-0.16917841584021454,-0.06666663028687769,-0.00618402937612994
2015-05-06,0.005035022294844982,0.010654024220224656,-0.07211411208823093,-0.135922307464737,-0.062274266787904486,-0.05450462667818312,-0.054361787300966635,-0.1428571242960267,0.014641229038957482
2015-05-13,-0.0017064507399774387,-0.005092187350878796,0.009359181514753345,0.2808988865087152,-0.12312390264369943,0.01128802793503314,0.04560553862120287,0.16666664140292586,0.027056315871566428
2015-05-20,-0.006689796133655279,0.020921836756959244,0.02907678731923169,0.17543858865316975,-0.004392606494980411,-0.00042578193068743,-0.06576960844925539,-0.1428571242960267,-0.028802221696642705
2015-05-27,0.00877018607444846,0.24538244061997272,0.05551267275307992,0.4328358533123524,0.19534466232295067,-0.0365209600801466,-0.04172966197350292,0.16666664140292586,0.3052440785022379
2015-06-03,-0.05511187226806025,-0.09365747639613942,-0.0911631578127764,-0.20833339649268534,0.002800012801684071,0.021397144625581177,0.07406280322139192,-0.35714284322202006,-0.12579660949810967
2015-06-10,0.02398760980152903,0.07421107936515647,0.030526689182197142,0.05263159910237647,0.02068791391785263,-0.006217401012599599,-0.02862997784780874,0.2222221885372344,-0.016164866823087487
2015-06-17,0.08402952395142615,0.727005304339682,0.6719595184086546,0.3125000227373682,0.27480720395709013,0.06632825190526725,0.08864177460746236,0.09090912097503123,0.2036083050333577
2015-06-24,-0.024931057031153392,-0.07907406939510986,-0.11811521379531664,-0.11428568458792787,0.07764343408035668,-0.04389889138652858,-0.0004008893616336273,0.0,-0.06932551032350875
2015-07-01,0.05194834740283705,0.4262804376122058,0.40979958772280867,0.026881689724540747,-0.0009956418016134894,0.02753663717195587,-0.021984328394858643,-0.08333335859707414,-0.021857889466847302
2015-07-08,0.05409297184168804,0.8539370202959311,0.7629807391147774,0.020942415556987948,-0.18573889266872723,0.06870645948958343,0.009380739316360076,0.7272726370749063,-0.10055867030907528
2015-07-15,0.03291259652079104,-0.5104405834478303,-0.48451715766339476,-0.12307688978260034,-0.10292642748731107,0.13612800716782747,0.07863421875726728,0.15789479730712963,-0.0745341960016912
2015-07-22,-0.007335702261309307,0.025654657946186488,-0.013201831895592653,0.04093564215769674,-0.07132230124691175,0.013086052849854202,0.06341303217145078,-0.2272727197562422,0.07276587023396242
2015-07-29,0.042285873732280654,0.20969814828768074,0.06257304502890926,0.028089855949938736,0.1340991316819471,0.018065312854361304,0.02260605041493391,0.05882354829400738,-0.07441556979951269
2015-08-05,-0.03178411624686017,-0.11213557168264188,-0.06495652333837754,-0.08196720268607682,-0.05499947242238856,-0.03541275961536139,0.2501149214783287,0.2222221885372344,-0.10209892974933721
2015-08-12,-0.0520395061090041,-0.045349310688553635,-0.10599123893633033,-0.07142859617672681,0.015329101371170495,-0.12886190170865108,-0.21018594864646079,-0.18181815926872658,-0.10301105198405569
2015-08-19,-0.1087927216358292,-0.07093455455208697,-0.2054277048038391,-0.10897435299477498,-0.03375475478050127,-0.09321804229716857,0.03810327117294632,-0.22222223906471605,-0.10335685430170038
2015-08-26,-0.04495860903644466,-0.2049990202265839,-0.1693725038681103,-0.071942472403967,-0.04077748158650418,-0.07787050450634381,-0.22134936903807212,0.14285712429602682,-0.012315364160873865
2015-09-02,0.010739921853090584,-0.08126512706631728,0.09774857292119687,-0.05426353091300751,-0.015891932539980336,-0.035322575689437974,-0.013287491847138289,-0.12499998578914528,0.1855361880965125
2015-09-09,0.04971325501648405,0.12009228381619663,0.08427390865672924,0.05737701007278817,0.03122054955551623,-0.03664036392219361,0.08264280266027035,0.21428571892599324,-0.07109797821304586
2015-09-16,-0.036343157891099875,-0.014576033716308556,-0.03140184977650129,-0.031007651374896583,-0.03797469969768785,-0.004656021193297111,-0.004957314247106104,-0.17647059138233456,0.009057934336698326
2015-09-23,0.020534395585687593,0.008123575341140832,-0.04978649289935788,-0.00800006053596447,-0.08979923188625227,0.03179461359850766,-0.05275859499706337,0.0,-0.07630157086490208
2015-09-30,0.012876825143478321,0.024553049593762033,-0.014312975908028935,-0.016129037936491453,-0.18807747465841385,-0.06123278392854159,-0.13651592397513856,0.21428571892599324,0.08066076836598723
2015-10-07,0.020016943718757618,0.020690074192089236,-0.01699082941499197,-0.02459017273362263,-0.07654187690729453,0.03615476350806479,-0.04157189036524889,-0.29411763447066175,-0.10251793157186762
2015-10-14,0.04959062346206311,0.013335436334807715,-0.013093811455879178,0.008403364427353122,0.07314649495232772,-0.05292245671884077,0.007654578528716316,0.08333328280585173,-0.031062126469262208
2015-10-21,0.07747327132060522,0.003143397226398781,-0.013905433132909484,-0.01666661209698317,-0.12520837890184322,0.06913793424787973,0.031713648946566364,0.1538461377012772,0.0118924206886033
2015-10-28,0.11165121203636952,-0.004456364076302788,0.002737593039687347,0.06779656941075296,-0.01016301103320516,-0.11020314855950941,0.11306776503646798,0.06666669091985922,0.03219213798612319
2015-11-04,0.3510789670280372,0.3642481853162629,0.43357236969302937,0.18253968803927267,0.05818186309538165,0.21656715444316377,0.1270862103974435,-0.12499998578914528,0.07920794704001954
2015-11-11,-0.24413996459761222,-0.2980530499422076,-0.2673844142564682,-0.16107378289831575,-0.13806353061795806,-0.11972690308567635,-0.10985053386485544,-0.1428571242960267,-0.09908257253074837
2015-11-18,0.07556152138974248,0.0727826290270106,0.06015117581406959,0.07999990686774705,-0.00140714021275834,0.027152490869253754,-0.07713093864553144,-0.16666671719414827,-0.028004107967028125
2015-11-25,-0.019080076378314326,0.04989156123603644,0.10717510368043981,-0.03703699711408559,0.014091121103107618,-0.08626518938267747,-0.06709633418829375,0.600000036379789,-0.0005238384613907021
2015-12-02,0.09439504050990388,-0.0006547806687930979,-0.048975211108011174,0.0,-0.03358034879088745,0.01422825365632363,-0.048998671331918264,0.06250002131628207,-0.07389938555528675
2015-12-09,0.16252251517437788,0.09777240833181322,0.06790181154926889,0.0923077233058549,1.0424156852312612,0.15085786817495417,0.2261669036164562,0.11764698958863984,0.16751565743298347
2015-12-16,0.08949787995121428,0.008146583926326167,0.01595416290735896,0.05633804548928567,-0.20743873519341416,0.06897198565480611,0.1480292144802975,-0.2631578519074498,-0.10518668321648916
2015-12-23,-0.027549028571750567,-0.03267172197175594,-0.06334121405804694,-0.020000054327147576,-0.10866025214507513,-0.058233774422844164,-0.07080828430718378,0.5714285621480133,-0.056338016622165865
2015-12-30,-0.03567127069002962,-0.03323855191729641,0.006962789121733648,0.04081634067241535,0.026739754581574182,0.3896626626595494,-0.08546713812084772,-0.40909092036563666,0.012055134082784358
2016-01-06,0.005824893107642559,-0.0016131027725807545,-0.057001980594370893,-0.1176470979866997,-0.02895506270684345,-0.039165277277496746,0.1451721545859821,0.0,-0.051616558444881555
2016-01-13,0.00761117005702272,0.006503429239653746,0.0746576290689942,0.31111112069261937,-0.0348159198916731,-0.08290009110598229,-0.04108671825645083,0.0,0.09090908457941937
2016-01-20,-0.028080031152038942,-0.02516961332996326,-0.029638612505940576,-0.050847435331738855,-0.07128057660345333,0.5412293333805398,0.10487869311421538,-0.3076922754025546,-0.0016447493340105979
2016-01-27,-0.06010524108871562,-0.029830026684209865,0.01239215609470845,1.7083333622061811,0.20906892842524116,-0.12115280608333878,0.14161042546375313,1.2222220874822711,0.2273476146782012
2016-02-03,-0.06335380911886646,-0.07298061836021374,-0.08628389141481974,-0.41758239790104457,0.05794648531309643,-0.004542545723493996,-0.19463389398341135,-0.25,-0.19149887928767784
2016-02-10,0.031625930945369474,0.015658568233631875,0.016159382866251182,0.12452825712761029,0.1409269791957719,-0.08139105040596939,-0.023476869388901367,1.0,0.02324292752769419
2016-02-17,0.09085050752950163,0.047098002306041664,0.04405688102094252,-0.06711411690090696,0.03629181122840763,-0.041628486843666934,0.526060407854567,0.4000000242531927,0.16711731170136424
2016-02-24,0.020736343005616664,0.04129554030439464,0.0004448075824119435,0.0,-0.007618580262942376,0.0935143969726362,0.09287923229946027,0.30952383014727225,-0.09221496505544191
2016-03-02,-0.0022731181676023393,-0.0029186383464883114,-0.018700256115486535,-0.12230215074172368,-0.005695874746109109,-0.03396712157999704,0.03292604845090974,-0.2181818241950062,-0.0382848332883875
2016-03-09,-0.02153128507093216,-0.025310408159549214,0.5125561806786743,-0.05737701007278817,0.003237824639269027,0.17713343211687915,0.5011484743159316,1.1162791091182132,0.18312098968840806
2016-03-16,0.005184884183852212,0.0090065283155365,-0.23206059760154574,0.004347795827776224,0.015144049801250059,0.3844624054610686,-0.07669837489074804,0.7912088043882819,-0.04172275040575624
2016-03-23,0.0024699559797363158,-0.020121553928407088,0.04508717500507964,-0.08225107925130581,0.018830981814156544,0.04141337111273691,0.26829162343535917,-0.306748472830102,0.017790288912748364
2016-03-30,-0.0031384032855886757,0.0044005388018737435,-0.09213152824908521,0.09905660344980616,-0.11293806224324221,0.04378011745581745,-0.03726790826930826,0.0,-0.06761727397729889
2016-04-06,0.014436219112531123,-0.0036075314933406988,-0.026112956990086644,-0.09012875509676155,-0.06981466542574333,0.0032407221974988243,0.0711241087283343,0.9115043962880511,0.06314752790033507
2016-04-13,0.0036358037115011843,-0.001759495157862001,-0.05161316592906873,0.08490568951745225,-0.08523633580444256,-0.07133862890692455,-0.3291540516275615,-0.6435185331777267,-0.12900237746545218
2016-04-20,0.05926005365941278,0.03296386515393945,0.02066465261968875,-0.017391309849495218,0.18190488707399388,-0.03383758426650807,-0.029029820383608795,-0.2987012698625383,-0.0015983073447649598
2016-04-27,-0.0009211803439698185,0.13211213396240007,0.052642553259284686,0.008849560371194887,-0.1004977620317341,0.042320030725743196,-0.07412665705778543,0.0,0.016008535964228576
2016-05-04,-0.002305006282797062,-0.019704381105719704,-0.06494030653672767,-0.03070179609563184,-0.0737362025385574,0.056950537117878675,0.0022623960436165547,-0.09259262378239708,-0.03361339656690965
2016-05-11,0.015157012490668809,0.03849106914957279,0.011360273905694829,0.06334843923133215,-0.004198245239660281,-0.005895573529686171,-0.034375366226976345,-0.16326529248570998,-0.021739168946466658
2016-05-18,-0.035295064237998,-0.006069819897788098,-0.17744513790045613,-0.04255320598198897,-0.021890761467560194,0.1345867673147807,-0.02520700897832462,-0.24390243686021484,-0.07722222948021462
2016-05-25,0.03343630026350519,0.0649764158791144,-0.006600275623782514,0.013333370413769918,-0.06017900323006209,-0.040272523340769584,0.007708567896482776,-0.12903224481485331,-0.10355202710199218
2016-06-01,0.1865702840785981,0.1549503828741492,0.01071996401623121,0.008771932623867995,0.017110608312657538,0.09655181006199598,0.07731567861117838,0.0,0.015446569239007335
2016-06-08,0.06814113197520388,-0.004651110108567003,0.05563510483491996,0.15217392954848563,0.0038154182015412985,-0.034692217167878736,0.20309052916647996,-0.14814813068185761,0.049603167728687
2016-06-15,0.3335676468107769,0.20618905190371328,0.0922409856931945,0.2641508584366674,0.15342091702612337,0.09914192010082701,0.4202695360954871,0.0434782746237381,0.08506615133874695
2016-06-22,-0.18573601833186115,-0.31979283727119745,-0.08582885725612499,-0.1641790565007013,-0.044188158685590784,-0.1573511721793014,-0.01618637793581368,0.04166660350731455,-0.03252030321797783
2016-06-29,0.07910545767344379,0.08907655622289479,0.07736623111929442,0.08571420850004374,0.04325344650291729,-0.015082118335344341,0.03062005816751956,0.36000005820766234,0.28631454036456727
2016-07-06,-0.04867542492249555,-0.019463506749232806,-0.07730040530833948,-0.09539470157084107,-0.008862883424703982,-0.014065300991303986,0.1851573109710416,-0.058823548294007266,-0.18805414751988647
2016-07-13,0.027344723680910787,0.00889619524547447,0.028377289570123976,-0.04727276999041585,-0.03228250889947326,0.10226176161402956,0.05479904510778133,-0.18750000710542736,0.1718390530055025
2016-07-20,0.010536776742611442,-0.006804865912463209,0.034060021587048794,-0.09541980111418802,0.004855129745925391,0.1553164692689426,-0.13312638332286386,-0.1538461377012773,-0.09808724880495867
2016-07-27,-0.015002812614352767,-0.03701010178631503,-0.06898099922927792,0.004219380007363105,-0.06889029125966972,0.03944760992765195,0.06539069758518723,0.1818181592687267,0.05927135024678898
2016-08-03,-0.11716316658828807,-0.055268242078973184,-0.12235018136967901,-0.09663866034330904,-0.026447909267291236,0.023907351559269596,-0.002379143693487795,-0.1538461377012773,-0.03542097434721514
2016-08-10,0.01872937860638557,-0.0016753445571241476,0.021961109838409154,0.09302329044263336,0.0641333924217149,0.16270440124451335,0.06889965625982697,-0.18181815926872658,0.005321958377092262
2016-08-17,-0.025125614604509572,-0.03608870118685903,-0.09633201332046204,0.05106378525534305,-0.010825628240217156,0.2508549695116311,0.10912575711246975,0.27777776093528384,0.04605609653314047
2016-08-24,0.005994924771717702,0.05404584913649346,0.00827936639890936,-0.07287446291942068,-0.007023863809667574,-0.11181249376932456,0.8916808959227567,-0.21739129403219648,-0.05161941614414289
2016-08-31,-0.009446826528020758,0.007874691706051706,-0.030289055541765086,0.013100473032568338,-0.015627574532808608,-0.06986849399829731,0.929981053772654,0.0,0.00693708608962984
2016-09-07,0.0943783319604139,0.04079578836424558,0.016838754713329518,-0.01724138471756642,-0.013703235240972722,0.020949188891724146,0.5920869892621736,0.166666616139185,0.023317426941367403
2016-09-14,-0.030593103719794623,-0.04423393636296791,0.052391646455746566,0.021929799647575576,0.40681124732217144,0.0446995392322298,-0.2613042175410215,0.0,0.20093211835368607
2016-09-21,-0.017881850829162493,-0.011634533167304117,-0.02283479910657571,-0.021459203611772892,-0.17584000184851223,-0.0550024294724879,0.07888916175706573,0.4285714038232733,-0.0780508771611006
2016-09-28,0.01575557849712772,0.020713585727272887,-0.019646285783211592,0.013157867023707581,0.3026450553924602,0.040720162830745865,-0.14243776579641076,-0.1999999514936147,0.4340505562670429
2016-10-05,0.012098543341911405,0.00024185263208020835,-0.003972802644702789,-0.03463204663114028,-0.17186453091444398,0.0035796328986745785,-0.17615340730528706,0.04166660350731455,-0.24787995780798988
2016-10-12,0.03876704843695622,0.015606228954580192,-0.0465861781721999,0.01793722616867699,0.08127877581165222,-0.05108168451140682,-0.036339688707781925,0.0,0.10104072062393765
2016-10-19,-0.009310845422578984,-0.03265522318667502,-0.08305067267731425,-0.02643172738095456,0.13906296251829064,-0.08235568249649028,-0.05156974624356936,-0.03999994179233757,0.05159514208354721
2016-10-26,0.09107609829410146,0.06417043237420161,-0.003789019868640331,-0.01809955406609498,-0.06720200982108915,-0.0750802859614742,-0.052362390029128236,-0.1250000378956112,-0.18501873501806787
2016-11-02,0.07629667332309453,0.02063899141740566,-0.11586042994641366,0.013824923421382085,-0.030538838382307643,-0.07953929321019426,-0.27481099365516926,0.23809523397054555,-0.07031249916406734
2016-11-09,-0.023697735542574594,-0.05844557701422903,0.024849645825961497,0.04090907136622968,-0.0173923533452911,0.08533938518319095,0.37292865059609936,-0.1538461377012773,-0.027187321859528435
2016-11-16,0.028930967278349096,0.040073972125592494,-0.031764060804052585,-0.03493451002620618,-0.02933533607846206,-0.025601097108409854,0.06385400948843678,0.0,-0.09959354018032074
2016-11-23,0.0005321112053369159,-0.023425993666736256,-0.03852872888151282,-0.009049777033047435,-0.09959190207740054,-0.09938474448036871,0.20225539813241356,0.0,-0.02200899998186756
2016-11-30,0.001473265795740586,-0.00803244172051909,-0.09859318573305753,-0.022831025348573175,-0.047868542782869894,0.04629845824553169,0.13050397126792257,0.0,-0.060011593165473553
2016-12-07,0.030094289284603226,-0.07135461814568556,-0.019146982620548814,0.0,0.019039056049257264,-0.024860662393457522,-0.11820856478594433,-0.13636368146254685,0.6985882158390162
2016-12-14,0.017378521780760048,0.0009983256402279483,-0.013965848632183753,0.014018662355310463,-0.021310716599115986,0.054712773887265476,0.06586630970596308,0.21052639640950632,-0.22298518828610314
2016-12-21,0.0675640054874398,0.009363018956910496,-0.07683372989715476,0.04608296630540809,-0.03877704915619118,0.07135654586674778,-0.015324985207400887,-0.26086956865593447,0.3069766887801624
2016-12-28,0.1697749483131732,0.25124199931087055,0.32308780542855864,-0.01762115158730304,-0.04220321877800648,0.026556631942301845,0.7023044786846953,0.17647053788264722,-0.10711742569180949
2017-01-04,0.18322072811578116,0.05829787491488303,0.21083765310379876,0.05829601767581383,0.06431232511771467,0.6402818990746784,0.3145007290725723,0.15000005456968357,0.09007576322098032
2017-01-11,-0.3264598371930667,-0.20485546251237097,-0.2610984653886683,-0.13135594187052657,-0.024200919585330438,-0.31611213328654664,-0.37189845180992787,-0.30434784327967257,-0.23619744242145224
2017-01-18,0.13996782960315302,-0.0022330261902258064,0.09349282106990331,0.014634115523606717,0.04648259766212037,0.24453352729698263,0.03536164948967291,0.12500004263256415,0.187649566376626
2017-01-25,0.01683251586479173,-0.0322208582646244,-0.02180538057181991,-0.019230775957801094,-0.029214501812532268,0.03173324595901694,-0.018143510714192734,0.0,-0.1305925572649823
2017-02-01,0.0970348789346378,0.09713201677960304,0.07965848505914397,0.024509848329807404,0.004145550861287539,0.1049317142654902,0.12155748375340325,0.11111104374113556,0.09272143522990106
2017-02-08,0.07486876975303791,-0.012798911752599174,0.07721118672576122,0.009569380988696086,-0.015596306693638984,0.08187477619912653,-0.03500205609469087,0.050000018189894524,-0.05176071134552007
2017-02-15,-0.05229191739862893,-0.0531645632632346,-0.0919832072008877,-0.009478675927477642,-0.04520039058261904,0.13176185284988962,0.06353002062219959,0.0,-0.004921737652058722
2017-02-22,0.10914356917180523,-0.0010658261062992391,0.14290385209312761,-0.03349286827362974,-0.04668945657092993,0.1268541466944113,-0.06254043737853032,0.0476190641178178,-0.09712231157284534
2017-03-01,0.09401852815600664,-0.0016608763434705631,-0.059705381094112164,0.0049505328522461145,-0.07713305850311036,0.922921094319668,-0.03399868601946521,0.13636359878121107,-0.14143424377693992
2017-03-08,-0.059304703476482645,-0.006028025684614802,0.2838404841648243,0.024630513975071322,0.20358722779308924,-0.004955584919991929,0.0114263507138328,-0.47999999272404226,0.0643851694170463
2017-03-15,0.08661737856657603,0.10192533103939638,1.6007432317530053,0.16826925465019404,-0.029958496837631188,1.2465229395460171,0.5220932646528182,1.1538462076624092,0.06430515913371782
2017-03-22,-0.16042603136427824,-0.05392622510923417,-0.2829104848859374,0.0,0.1563192610308033,0.067528496658116,0.12832065665915726,0.10714282698104349,0.01536098108850048
2017-03-29,-0.021646263244577524,0.773313235017294,0.16663326893693586,0.2510287395532371,0.818380998825291,-0.2157826622971204,-0.02527111977355123,0.32258064137567244,0.1608674262526828
2017-04-05,0.15222664168405475,0.4685924504499557,0.09324048427568266,0.48026319820475316,1.4604549871497685,-0.16430695301609477,-0.07700304075488551,0.43902445733334017,0.22675934040759516
2017-04-12,-0.011330219337019165,-0.00996912747319989,0.06143094069998756,-0.05555552681103115,0.05259450821605283,0.0908756244044382,0.11467143179665218,-0.2033898315535705,0.08356937940741638
2017-04-19,0.051142519550062104,0.01826691079426479,-0.06413163417069345,0.042352920713154774,-0.12794112994516782,-0.015474366487043145,-0.05772676676048094,1.106382856853588,0.10065359974434274
2017-04-26,0.07212714191404324,0.4148177417068748,0.5178901781769549,0.42663653533283874,0.1611526657773794,0.09404230082379739,0.04779034307963803,-0.20202020276257093,0.17874106923738986
2017-05-03,0.16690829436719978,0.5998906359511613,0.6312453477140518,0.17721525516001257,1.2666015682470366,0.1872405416439782,0.2253180255949392,-0.02531646502285889,0.6695214714427642
2017-05-10,0.20218895696637973,0.313081288976814,0.11608716463363167,0.6290322593263888,1.3206908682285623,-0.013667522222712725,0.13572538195526307,0.8961040458200142,4.462130314619249
2017-05-17,0.021681667066728805,-0.07683191988336979,0.13554789655919497,0.24422435460336622,0.9923498667451263,-0.019724503734736665,0.027723065849034834,0.6780821453588761,0.278070899981262
2017-05-24,0.22043785279056682,0.05439813919564007,-0.2780755331052245,0.9854111834829813,-0.3256072545130382,0.3331743064880657,0.3225690320121295,3.7061225905592403,-0.13505517366478303
2017-05-31,0.04464242779359151,-0.036682024016356896,0.018521185232661885,-0.04241818188039437,0.3559709378160172,0.13757037081066836,0.08944423745901253,0.019080601704631217,0.07616008667925467
2017-06-07,0.16518275567401797,0.048900500268950875,0.24835475988255862,0.24694804660608516,-0.1318089822396532,0.06574668926430771,0.28576361457555133,3.1089362086630237,0.17067959883566197
2017-06-14,-0.12155602854900271,0.0002714060214510372,-0.1337592735365123,-0.1488112155726513,-0.10498559616526004,0.1263325269240878,-0.1809512314121552,-0.2995029152537927,-0.2574573778626439
2017-06-21,0.09771637615751283,0.578846450487742,0.6317649510561367,0.020046007581725034,0.14881241189890537,0.08389858349547064,0.027368127031699885,-0.10615019201644216,0.03421567559257732
2017-06-28,-0.06139174806988923,-0.13932497311645275,-0.15615136635234095,-0.14432987602817915,-0.10887091609866606,0.0006325618721350068,-0.04784918247094827,-0.02183262903924199,-0.2500258567085194
2017-07-05,0.027267137804770858,0.24509740899739918,0.0710835656502049,-0.007530090249050825,-0.04061474608667748,0.20321269202135772,0.11317707773758534,0.5982415419955784,-0.1246943431236327
2017-07-12,-0.09609138782303084,-0.09392665393914623,-0.24622445989563402,-0.30842185343434914,-0.21140348680189702,-0.19670497135380127,-0.23724537776172572,-0.43990693474672593,-0.3173735369995351
2017-07-19,0.19496170929714118,-0.02832207520160268,0.041824515621438074,0.061437147445335016,-0.06231789935102716,0.1013430745781756,0.05417130029162909,0.23196072612201601,0.08691149037701318
2017-07-26,-0.051753287658057534,-0.06388660369357613,-0.18599357765868285,-0.04082682435297902,-0.07880193069723773,0.0291525778627566,0.12261004562752031,-0.09536946175779781,-0.028474498730795883
2017-08-02,0.049760814780422935,0.0171262973109787,0.01992682162522308,-0.03286637785715396,0.006658733446375464,-0.03660633051239803,-0.04163039331722629,0.011186367584798074,0.029363550163782115
2017-08-09,0.20556347771194972,0.08488508025847552,0.07866637865730075,0.05626738244468665,0.0331420523257655,0.07471638712036022,0.14110155339060926,-0.1297351436209202,0.16686111194784203
2017-08-16,0.2810799176272334,-0.055595963261929504,-0.09613043868451354,-0.09810127592666229,-0.12694637171235112,0.16255138674059033,-0.04091541998849868,-0.0408320018368149,-0.21265962235201297
2017-08-23,0.0006903158848967639,0.1427998855797572,0.07049715435794357,0.06198830019195589,0.3902271930813834,0.34988702732492705,0.8185467448055477,-0.05943782716093715,0.09793964156630319
2017-08-30,0.08506047643319992,0.4158463601070672,0.09625508343564793,0.1365638286435673,0.16748408519572888,0.19962525328014658,0.6271997701124017,1.7305722852189418,0.17772292408663426
2017-09-06,-0.02200758408241732,0.10455546853575748,-0.09813733800624547,-0.06589141427928757,-0.12514178050786018,-0.09096249902091846,-0.13933775156864814,0.15199373661906468,-0.10305735674987093
2017-09-13,-0.31412340505664527,-0.47015007348042115,-0.5194359031386728,-0.5570539533085198,-0.2659318296512859,-0.31306917976352666,-0.31282575171092053,-0.362019825907025,-0.45073648446865766
2017-09-20,0.15090258015465063,0.1207385550550617,0.35260157673879045,-0.11592505743065107,0.04621513850200154,0.39710301253884284,0.03859220368523486,0.16468081940139134,-0.03968110933869007
2017-09-27,0.1497339427704647,0.1604821832020169,0.17931681791279663,0.43046354654581465,0.14192975387585993,0.02483537717413231,0.12741151767841807,0.18816230091469177,0.30783023535312903
2017-10-04,0.03681200377035987,-0.044664765285022834,-0.1563509575883012,-0.07314806121592143,0.20845761350614334,-0.09712051199879901,-0.05527514461235272,-0.03736165657423651,0.051431874019459256
2017-10-11,0.2584089676402186,0.16330916645877713,-0.005013894059282431,0.0609390564079304,0.04808952666860522,-0.044158602398205904,-0.051889389898614025,-0.1753713446127838,0.22008776386168138
2017-10-18,0.048029039542917484,-0.006120704224645945,-0.02335092196029498,0.0018831437967024023,-0.13390548409219705,0.01219540625828186,0.017584792440020536,-0.0499709671955465,0.7541048577921077
2017-10-25,0.03438895859558877,-0.06698562821240117,-0.045395277320420035,-0.012218029276704123,-0.05355331228955529,-0.031603504998265364,-0.000476148990299019,0.05667691374690076,0.10742103626482646
2017-11-01,0.14606347160841904,-0.045878890853719434,0.14782737590159223,0.08277838520756653,-0.046673370779182544,-0.05093401586506585,-0.03233963916189897,0.2074088389212687,-0.2082151140076246
2017-11-08,0.10231242204326851,0.17661072052936122,0.17456388570958747,0.07381365324562417,0.12009334757301904,0.16486904382092682,0.321966455302263,0.25455413081658973,0.23434354577416583
2017-11-15,-0.01932384636305351,0.019984621258716917,-0.028550932692000597,0.09574464842000974,-0.02060828059306674,0.3416652195724319,0.07112031005847941,-0.16711243854795288,0.09744398934326193
2017-11-22,0.12822153396965175,0.12642969859375786,0.08412451690658318,0.3614638492592803,0.12163546397494684,0.3638743769848132,0.3672614909056553,-0.11989606332138758,0.14158093746854994
2017-11-29,0.19810391717105635,0.19025827185077415,0.4926647401647921,0.14097639821472674,0.017604542508850463,0.17025082632903032,0.013256986976193375,-0.05560376244622445,0.5230620744052319
2017-12-06,0.44524857304563525,0.17273373429760186,0.045222333178978946,0.2802884682116771,-0.04328076651988699,0.033478218560446305,0.6573595460857189,0.4717571083386012,1.3535017346793508
2017-12-13,0.1481089611832207,2.015405748366365,0.39429557591626296,0.2996620414709581,1.0256939679467152,0.2668464749246644,0.09709886716418725,0.8538567570251747,-0.015037375260191999
2017-12-20,0.013188552122021635,0.03971888109941624,0.2104410584844596,0.9245883014745762,0.6472617067766417,0.748648312362137,0.5346056535350265,8.646705376624476,0.6899867613527286
2017-12-27,-0.0472853258331527,-0.13491467724771544,0.006547160804739605,0.331932038481336,0.8037433759731141,-0.23274976085363974,-0.10091475074603173,-0.033917951997866624,-0.09177215451448151
2018-01-03,-0.04025002367648456,-0.09848851803837333,0.08069702711973048,0.05049601432338924,1.2186920382034594,-0.01609394496828387,-0.023197899639069153,0.05081073900589339,2.909830629497752
2018-01-10,-0.014979290527761369,0.02098891964192262,0.20765479397086994,0.4057939254985923,-0.3640306932908177,-0.054990865110812526,-0.010488665785840845,0.1612438864818806,-0.36742589248316426
2018-01-17,-0.252763268262863,-0.2554786383779508,-0.2559498440943262,-0.4162723070137434,-0.3385352538777787,-0.282721714748302,-0.21718442162804374,-0.46169580429930557,-0.1582964192740436
2018-01-24,0.0152656084955336,-0.03500507587303259,-0.017632660132774758,-0.07387550684350996,0.03889491269416423,-0.02325951647684965,-0.005595517084808654,0.029643753780054682,0.18824270118317576
2018-01-31,-0.10020782278168916,-0.09242890671018111,-0.14260600449064775,-0.15148948166305043,-0.1435065916682704,-0.10018062267813865,-0.1402362545181448,-0.25336740427432103,-0.04800052896504081
2018-02-07,-0.2543561753671699,-0.153950666445843,-0.34204446393853316,-0.2850249919090384,-0.37723568055819634,-0.25158613227704363,-0.24044212794257946,-0.31239344512922596,-0.3661969342637068
2018-02-14,0.2458019138641947,0.5438086655672922,0.22470718944181955,0.5662090282807151,0.5770519466414952,0.3007502936946074,0.3347581495665406,0.2215854430320785,0.32667300242774044
2018-02-21,0.12594177156680164,-3.2754772953280664e-05,-0.001986096217356459,-0.022139668633214926,-0.11057094044725457,-0.012652882062338389,0.16606910031922673,0.11127788279917317,-0.1258526453855343
2018-02-28,-0.027360995782394593,-0.04901290115451484,-0.09263698243689533,-0.08554928714411159,-0.10912758348518359,-0.1284307095277063,-0.11441166582444018,-0.17799576151141727,-0.15840355424050556
2018-03-07,-0.04157859393563712,-0.0840631824180128,-0.1908330305903564,-0.33133935185181607,-0.03689324149942441,-0.1207403187186239,0.1870898923584441,-0.1918314797091092,-0.014413850605683787
2018-03-14,-0.1701619364483813,-0.13311525562755022,-0.16965617013349166,-0.12425443853675888,-0.19433662473271607,-0.17029039400193602,-0.36440730583318826,-0.2749161884980593,-0.2443429530600033
2018-03-21,0.07974436382337147,0.049354157520684616,0.0523563267187126,0.03830870078983373,-0.011736621750021103,0.019361627730154707,0.014255882731858405,0.07170631539856265,0.023913377460777818
2018-03-28,-0.1975052886816907,-0.3216347660509187,-0.18897999767083207,-0.2273844858683759,-0.2625954104018895,-0.24217047135551317,-0.19105531613868243,0.09774588266155959,-0.25062048185861563
2018-04-04,-0.04943410564406148,0.03882136935652403,0.024828622520029375,-0.039971757240419126,-0.030712976204917197,-0.08390348606966946,-0.020089073878069796,0.488067112746164,0.03731814857290283
2018-04-11,0.1582301252389715,0.08565369460569872,0.1457725101540075,0.39941051123141924,0.26812364344256157,0.17286634169753023,0.10752467494437168,0.6449610788124209,0.22319889541401228
2018-04-18,0.051343229117153166,0.13117095494047448,0.058774504097401925,0.5334386608964556,0.2596300349548788,0.21912318534994757,0.2431021678412737,-0.19039189158881953,0.512142797092981
2018-04-25,0.11902138290641417,0.05043744120855442,0.07141992017341026,-0.033825606493032456,0.07631296759456041,0.1681531469096995,0.1243262656306725,-0.03299746633199463,0.05854904240953718
2018-05-02,0.04981415713743709,0.0506249958422309,0.2093823666685415,0.002488023310374343,0.03760142377520559,-0.0010677542751508229,-0.08309505131784667,0.12167985874618803,0.12855695085464935
2018-05-09,-0.07183189173711446,-0.0717829068938759,-0.0395815451344127,-0.13667790577065875,-0.14271774070234555,-0.1628711545770123,-0.11284297986164182,-0.131958024512148,-0.190720171512627
2018-05-16,-0.10500075855780078,-0.11407300992739122,-0.09276360459878308,-0.14004099158128347,-0.1199189755985054,-0.08053077763537342,-0.11561164269476609,-0.2510743471250202,-0.11432017225907498
2018-05-23,-0.06263404356124302,-0.07652155495240942,-0.12156222047063825,-0.16451769034682429,-0.052918449062685724,-0.11279753005273707,-0.11144443594946196,-0.14971116469956225,-0.0706833229174727
2018-05-30,-0.012279655820576885,-0.037018925425970295,-0.004297767862972424,-0.02886540945220517,-0.030656738799319072,-0.10900112805437034,-0.09309271632960481,-0.11025230704213485,0.01823995688893687
2018-06-06,0.02456180129605956,0.028389019393978865,-0.0414346626569807,0.0982931074661415,0.10692723902451928,0.02097327959396922,0.05391561252970889,-0.021113604692374555,-0.008245337622936888
2018-06-13,-0.13061458174086216,-0.16694944044971372,-0.14108373109202166,-0.2111468231781033,-0.17227131694368514,-0.1418396300215966,-0.18892537375681262,-0.21147557688707208,-0.17599913491961794
2018-06-20,0.008147907738628835,-0.04180260191664842,-0.03883176458904558,0.014945607472851119,-0.047266519644155736,-0.027906895806953824,-0.07015949531906185,-0.07067453614266861,-0.059519146092740116
2018-06-27,-0.12278338601363414,-0.2269340602519525,-0.08943317585940092,-0.21117802178415912,-0.1614081240868851,-0.15722320970598258,-0.06311635522650838,-0.2501875453144411,-0.21511690375945547
2018-07-04,0.12462228846479118,0.11784630369469151,0.1382079894246664,0.1026728799619252,0.0739578859381862,0.09764627992058528,0.19810727293556685,0.17255019474318956,0.13426583523729052
2018-07-11,-0.06180470206610167,-0.08299188848550787,-0.15104504127316254,-0.112735630165678,-0.09605187364644241,-0.12084265997922228,-0.13343759230614083,-0.12940316954649023,-0.08502892790381877
2018-07-18,0.19876184905965943,0.12835932649128767,0.11222803587723873,0.6669556687847926,0.09433255898390458,0.22627995232702802,0.160472046703654,0.1780847126277918,0.6288748383164742
2018-07-25,0.06491620623917038,-0.030463544444668478,0.30845167458757183,-0.1173256892520067,-0.05564897848732919,-0.07008747648552527,-0.019493466017824868,-0.08639673560436245,0.023268456055827835
2018-08-01,-0.04834638801397817,-0.0938823017106406,-0.2848873596328799,-0.13174179555040255,-0.043709962568251215,-0.12385279954946515,-0.10248217703693474,-0.08936391916751729,-0.15622582879377578
2018-08-08,-0.1320074182177371,-0.1596820634760786,0.3265452677190388,-0.1327223939605029,-0.19403191634453565,-0.13179204734443506,-0.18128071037440596,-0.25283310169260187,-0.15221369467817125
2018-08-15,-0.035549912334728595,-0.13471072906848203,-0.01089002857982535,-0.10293538853694961,-0.15668841352444163,-0.17803571197567192,-0.09404373251364628,-0.24522047276433312,-0.024399924335059997
2018-08-22,0.0315956485849993,0.03940434609747667,-0.12288067156705196,0.04057592061815929,0.12061779415775198,-0.07195464089718229,-0.011150843774850094,0.08232014127418208,0.028375402875304934
2018-08-29,0.06784364909633811,0.048168877820689016,-0.0291565591867865,0.3442347862258368,0.02360330113734066,0.30660060413344503,0.14158001491606242,0.10648259816557282,-0.0056715258441539795
2018-09-05,-0.06435157050578966,-0.0469036385949565,0.16625879286765755,0.5626949529999459,-0.09758411632646513,-0.013664029589575799,0.1427431521596445,0.03066837890646279,-0.060741818837245054
2018-09-12,-0.0018164427366968994,-0.051313161502892335,-0.14454279167431983,0.3081836579283761,-0.07309637183721363,0.06841533225897467,-0.046429434852703455,-0.07674947722601322,0.0015519229509646237
2018-09-19,0.0003620916083528769,0.03846971158453294,0.15858411067475253,-0.1310650357011719,0.6035113002364467,0.03736208974303912,0.037872058527502084,0.08127733823764127,0.11593019316093756
2018-09-26,0.02409325625488501,0.11203440464361392,-0.3081573634380046,0.032309044728750846,0.2032881529479571,-0.030001193353386912,0.02560241299827637,0.013978390048670741,0.11780667488136753
2018-10-03,-0.014986341946867876,-0.07462601316367767,0.6410929517880981,-0.0398026749346696,-0.027291275683247962,-0.07210626394392572,-0.03958744522340263,0.056291329876736684,-0.05762765861800723
2018-10-10,-0.04872507445025309,-0.1209086807428984,-0.28924221542319695,-0.11426041313932012,-0.2724541745015242,-0.12920183459940282,-0.12354405083865128,-0.09609109051197307,-0.15245334061601934
2018-10-17,0.03523997134111401,0.025255196708607208,-0.5687246209578704,-0.12280000648200529,0.19469885366113582,-0.014757635803012148,0.02519325052753052,-0.011111866944198079,0.1565662287179994
2018-10-24,-6.483567699222537e-05,-0.005564790060896385,0.01686251348158807,-0.15253077786565106,0.0007144483954437675,0.001001154708462737,0.033125032943477795,0.03707413006294158,-0.015894667065604162
2018-10-31,-0.024501709284814654,-0.05347218981512214,-0.05720042041826667,0.012644639855708961,-0.0211111815962276,-0.020790450041461406,-0.02340060378145925,-0.05458938604631969,-0.0516664574629907
2018-11-07,0.03364093035765836,0.09602051355962549,0.08493764330254794,-0.03374071066666828,0.19475583014732334,0.09683493233225593,0.0739545898412386,0.0108767383436299,0.14877549571127613
2018-11-14,-0.1212516152004598,-0.19520784327252616,-0.1857609456381133,-0.25900466275854317,-0.11449355294674746,-0.13694361816504363,-0.1861199931692381,-0.23750722719892303,-0.09222184931623734
2018-11-21,-0.19799770952373696,-0.20499968947657998,-0.130087248657917,-0.09165121157894851,-0.056329211461528916,-0.20425473065031852,-0.24036835002835866,-0.31432899615793053,-0.12596389686437026
2018-11-28,-0.07491031531915782,-0.001269159801907671,-0.09400116012086956,-0.08251630194938597,-0.12754133885461205,-0.12944829448534756,-0.07859705409335127,0.1330109979674272,-0.2035023816195013
2018-12-05,-0.11824651034338485,-0.1539671846520193,0.2382470652912818,-0.02938558940100222,-0.13394971261933875,-0.21717084248056417,-0.1866610474775442,-0.19407534414544025,-0.1621146593156343
2018-12-12,-0.07113613277730246,-0.16389724113495407,0.07801139476224717,-0.031651402553596664,-0.09141084229303831,-0.1594104055447506,-0.14962283197047632,-0.10709421009234754,-0.16365061110915624
2018-12-19,0.07427708277262579,0.2118475253626413,0.16071791098753163,0.28848885743794095,0.14523156358159284,0.1363970527411693,0.054095257775281125,0.1799085495822379,0.004881706546726816
2018-12-26,0.029724610181280475,0.04390133379136252,0.17598347530662006,-0.09044118068762252,0.07596689293295222,0.13616345495331084,0.06611201702184166,0.07925340958990779,0.05568739294823999
2019-01-02,0.02232439007054099,0.07899659327953223,-0.08859625081871614,-0.02708166737234241,-0.009110298092466662,-0.006466521121364144,0.05828407160194882,-0.04443264683863568,-0.010579827841042277
2019-01-09,0.023301400644679893,0.16605569392404917,0.24830498288928116,-0.058579108155108695,-0.011600526913289166,0.021392345740458563,0.008830336496743252,0.008909929256176952,0.03723254806842213
2019-01-16,-0.09424079778449124,-0.18371216568895898,-0.09575348562193708,-0.056487220618643086,-0.11105445293986671,-0.1692221958323037,-0.12392220613040905,-0.04788189333882675,-0.13640183558748697
2019-01-23,-0.01912001596696744,0.005610311186890815,-0.04733520189799889,-0.04443406253539284,-0.04006361786615298,-0.002926523829783867,-0.02817014143264096,-0.02420291440531308,-0.04036819144125947
2019-01-30,-0.027597771389253456,-0.0022187068228006757,-0.006569663675721538,-0.04013701793058111,0.01254064494610918,-0.02492720989346442,-0.013722982291604513,-0.07990493399719634,-0.1651653551497082
2019-02-06,-0.02077167107861677,0.03138124950122512,-0.09980021705392195,-0.04844468301372851,-0.09278512831019237,-0.05182393484992309,-0.02532597142928794,-0.0950766860340172,-0.131338037574125
2019-02-13,0.0639477391963108,0.2752454627116181,0.007986499270104419,0.014469438732163553,0.04663143546622783,0.22559411314405042,0.1433930990627088,0.06707100952728395,0.034992699358396884
2019-02-20,0.10125078636691986,0.23306837865357233,0.0527853016612283,0.098256746646187,0.0939779396374778,0.09162035423867909,0.056367216465555536,0.08224674490534079,0.19151833811506602
2019-02-27,-0.03719496693729851,-0.11981123180345599,-0.12170498598507806,-0.028860024658321826,-0.05940275922170524,-0.06186601107269474,-0.040731689498198276,-0.07367935501379619,-0.060391328688662815
2019-03-06,0.013735292942958166,0.22383798270250388,0.2969392074204742,-0.01783062960334958,0.012535676912847071,0.019966284057417516,0.017215326617002313,0.04702356081577763,-0.007297411326248282
2019-03-13,0.0007107323206976268,0.0026693310513465907,0.011915173543193713,0.021180074487021194,-0.009251447315914652,0.08719190774376573,0.023435463893704878,0.03949673873947357,0.2645092844478554
2019-03-20,0.04626877759747994,0.08784338930427449,-0.010110834344521757,0.017777797707313914,0.017548660357630252,0.024317229186681555,0.07379708206760904,0.1510648140287114,0.029612131034475242
2019-03-27,-0.00010034461806118777,0.023088974259644957,-0.016186429725157825,0.011644807775210042,-0.022355331781970245,0.01934123231240603,-0.020596566230915436,0.0023958034082587343,-0.029990252977175724
2019-04-03,0.20448229435666754,0.3651237076363092,0.20460830439940736,0.7731414391970883,0.06416075942340504,0.2975675900471553,0.16803028851991275,0.14646132967663594,0.09925781014071045
2019-04-10,0.028782196833689655,-0.06240119397228583,0.14876066190165282,-0.24560452647461406,-0.0045983409046197465,-0.006337247762077447,0.03818578907974435,0.01019223278706316,-0.01770375367196131
2019-04-17,0.046183929901752574,0.030082096573637696,0.015620294246939226,0.056292588221858564,0.018372534436402743,0.009154964707442481,0.04211454566920225,-0.010891946931910312,0.005810475777201285
2019-04-24,-0.016584318594973002,-0.13191319943504742,-0.13683425260326798,-0.14935508442521106,-0.14145936901112066,-0.12571041641963454,-0.11365686657356355,-0.11127857836155675,-0.1558242517947499
2019-05-01,0.05657176518038942,0.03549652288509453,0.01310151785910163,0.04189948182638825,0.04787749188578183,0.07932560919883813,0.05065921516963101,-0.029476961002218305,0.01211209132821578
2019-05-08,0.1215641472268163,0.005421234602831282,-0.08181748233617969,-0.04251250205097845,-0.022193683899340844,-0.04152052225451319,0.004343197538669186,-0.15320525280444997,-0.10015459907927093
2019-05-15,0.27700581276958847,0.28861246838019583,-0.537197877305116,0.2671999916553496,0.4154949884870036,0.32350082302696714,0.34511550371157895,0.7235359751994155,0.5214446952595937
2019-05-22,-0.0003884001616517585,-0.06704790657275672,0.12261018315881844,-0.06534089405793841,-0.09173778654167464,0.03865484781981299,-0.027442723389718537,0.058195227168961194,-0.0882556491947275
2019-05-29,0.05552327954948888,0.21999904522175417,0.015481657665732396,0.10030393009639238,0.10805495452926439,0.056117559007728524,0.08675694479568241,-0.1625478820312849,0.03914776694486721
2019-06-05,-0.059793359423603754,0.0212476053737245,0.23834975830786354,-0.05248616040459653,-0.006759083183896619,-0.11630469876142036,-0.05468322691367278,-0.05995427964703026,-0.04370831041550649
2019-06-12,0.05227552613364317,0.18220721132103823,0.08914983972644608,-0.004211240372637648,-0.04446054271569244,0.06588160983395808,0.026742683430372782,0.008842777879919828,0.0027817929614049053
2019-06-19,0.1574836986944006,0.03142768888843972,0.20242094343032568,0.028301951816173787,0.07217993543636947,0.052587564600865555,0.17610463756660066,-0.022789596207853036,-0.02582423480391427
2019-06-26,0.17378174159157633,-0.1555587366636081,-0.0407863349001083,0.05314769932983676,-0.04901789686882274,-0.03371752341072798,-0.10064219053360357,-0.12097764752650264,-0.11532669098665949
2019-07-03,0.0029179489929171964,0.04870558447061479,0.05653533648500608,-0.030039069947529473,-0.049014808638513374,-0.006563273084410293,-0.06981225613843278,-0.05714287581003685,-0.07227376694668552
2019-07-10,0.012770309617881503,-0.14446627365607,0.048271557582230784,0.004335740788317333,-0.15019590600345234,-0.07912149099945831,0.014704672530709617,-0.11891233063161166,-0.12752069259132504
2019-07-17,-0.06093848737068264,-0.015187240119775902,0.009573865209125954,-0.037619487242740224,-0.02167192354741243,-0.22100386256957183,-0.056035993167722564,-0.06187625392689455,0.0215382475927417
2019-07-24,-0.07074878063384515,-0.07557073234940448,-0.07679111784213322,-0.06408206500562907,-0.025886788687592532,0.03679376109542476,-0.040871713673805155,-0.031751240842534445,-0.035912784566714206
2019-07-31,0.04921659954170199,0.0613550762904187,-0.03510828143179623,0.012324560987482469,0.00983445374070202,-0.06664021432474909,0.01590437536039291,-0.07082483208919543,-0.03108880641767231
2019-08-07,0.15065270726297353,-0.0922377734537414,0.1975160120448003,-0.009807233230169743,-0.03222649338084993,-0.02275893466750223,0.16090618487025465,-0.027469525320299892,-0.07430201171779827
2019-08-14,-0.13829224568353415,-0.15153157591764432,-0.1655917202052931,-0.09836061141582664,-0.13904589480781027,-0.09636799836945287,-0.13271202362255485,-0.17564541035332415,-0.085821707220889
2019-08-21,-0.017503702757347916,-0.0365285999758701,0.06041071422459643,0.022727268718480742,0.02288566617892851,-0.04146678483570698,-0.00331063930810771,0.16088043482854952,-0.05868123422102778
2019-08-28,-0.06128240623060999,-0.12908591162898453,-0.03590041481550876,-0.09259260536793623,-0.051298417884561354,-0.12040805523934828,-0.18349546378845338,-0.13780297793861318,-0.04814173699533575
2019-09-04,0.11202004016041567,0.020242672106990822,0.019370335547436612,0.03306119074341396,-0.00271942060515018,0.003923785787325995,0.13107695649269724,-0.015869327688953883,-0.03960036655236854
2019-09-11,-0.015640464345677008,0.05855910404772646,-0.16418976773514649,-0.04188063137858011,-0.005987994713507194,0.05866273305883052,-0.010978644116209635,-0.01174848027193498,-0.032946832126135805
2019-09-18,-0.013805010708285326,0.11317501608260305,-0.07825798716411592,0.11711333024044634,0.18692291192156096,0.1780295142429622,0.011935252239097416,0.07296033032643501,0.3919683357021113
2019-09-25,-0.20917206809331357,-0.2792513612634957,-0.2753527164803752,-0.20450343814121896,-0.19394528270726064,-0.31137934841555015,-0.24270826622286956,-0.2993699358827995,-0.28112597355921287
2019-10-02,0.01736974674587133,0.018116381998456,0.09028765212252199,0.0788862592652817,0.016719735927731794,0.012286144483656614,-0.0226259142337345,0.007751924552766631,0.006289829970711258
2019-10-09,0.03952563609037907,0.021738995513042703,0.08972088437757164,0.0030107756024331245,0.09768821583634035,0.03936925191308327,-0.005692211783604462,0.11753842278662607,0.052161405586398146
2019-10-16,-0.05620031233263523,-0.05004854858033858,0.0027818015005427466,0.18138934394476602,0.11115397696745233,-0.04849042524649538,0.0018262466676588485,0.0005506649936879437,0.04198820543256354
2019-10-23,-0.07532441475199148,-0.08776271515348322,-0.09593336626379712,-0.07876588773337467,-0.0788052414785162,-0.08600605392002447,-0.04462160032780671,-0.1301595710021668,-0.06096335459992852
2019-10-30,0.2284967450582911,0.16684033097908735,0.15392805124906261,0.030732819313971538,0.06486393702806326,0.1460112442179622,0.09464854716606408,0.1964567611188599,0.06526756240316
2019-11-06,0.016854000524469726,0.10009718109527,-0.027971897700152737,0.004587191074397756,0.045627282808757386,0.02762965656465388,0.0953267201429342,0.07350615006581673,0.21476580773282783
2019-11-13,-0.05903474827346733,-0.04912805132770315,-0.055697801442166295,0.026636251022620794,-0.11948300585501248,-0.06120003994839451,0.017465110119690097,-0.028571415463440775,-0.023701083091337116
2019-11-20,-0.08866613723065642,-0.0952429195729606,-0.06980131564212089,-0.05263163345104882,-0.07937418572890576,-0.08605972364342829,-0.10835131289220501,0.07099386092218873,-0.14461448529591336
2019-11-27,-0.06174011981256511,-0.1317055171922752,-0.031578134184612305,-0.0848981994429554,-0.10456149927392377,-0.205423527606012,-0.03928825820400672,-0.047111714942093874,-0.09839396555548352
2019-12-04,-0.0371271105638844,-0.058652848341149366,-0.017483387604125822,-0.056006866064850724,-0.038799319162683976,-0.0004866043101704465,-0.05202670771266904,-0.02062110073763057,-0.06160149064596199
2019-12-11,-0.004772098239940292,-0.027598406051931312,0.04259158354922632,-0.010416640304501956,0.02636954710452999,-0.020658765833508008,0.00031451520005787437,0.09056308274843161,-0.049206983532669946
2019-12-18,0.008226683312032801,-0.0720696806390847,0.24318194143759508,-0.0009153387328728613,-0.11653523333708016,-0.1053015682223769,-0.0967755291811978,-0.05303556140186694,-0.12675545609884786
2019-12-25,-0.0002263319092696836,-0.0036534653289367336,-0.14072184832893653,-0.04351810394165301,-0.02781692786006451,-0.07345045536029504,-0.029880065577945425,-0.079096074924912,-0.05589724536759477
2020-01-01,-0.010306507210064986,0.03416617875321237,0.03605250863830123,-0.026340972884151603,0.010214052966125653,0.014995668990657407,-0.016057259906293364,-0.046145618709722,0.04626962882162533
2020-01-08,0.12217599712246541,0.08653604780450985,0.07083609573852323,0.127889753951965,0.08490808423173246,0.26396404293227826,0.2996626568063061,-0.04558167716585726,0.07185758803212283
2020-01-15,0.08999508628432751,0.27158946782553706,0.09160181722507166,0.033144401707492444,0.11419157672961888,1.499637394790423,0.1492441450494273,0.13536479269033186,0.12463821089408644
2020-01-22,-0.014322086042292126,0.005200021605700433,-0.02197610874554412,-0.019417524392178365,0.01357263230726824,-0.18617689741412724,-0.04835771007143885,-0.033548342672395925,0.09308439136728608
2020-01-29,0.07323614667073608,0.029529903268809887,0.05449245322033902,0.02884203387941464,-0.0013809973203210424,0.13373243618704844,0.07698628192471868,-0.029906582380111013,0.030890506048923738
2020-02-05,0.03185636319631313,0.20665105939588813,0.0468371618209813,0.08033475395743905,0.17705844525639214,0.001830289789423567,0.11355651465219707,0.20561515997317548,0.11328330035889222
2020-02-12,0.07412872584376551,0.1214507837238692,-0.0535586841976492,0.19790856410949131,0.09703820969528199,0.09228504400320192,0.22112314206195283,0.20867580170823286,0.16450615039023053
2020-02-19,-0.0670796339659614,-0.12499170640942758,0.002038498320328097,-0.15163274274796157,-0.08801453023938155,-0.2017516558523541,-0.17903529564437926,-0.15753680826558492,-0.11644175761839082
2020-02-26,-0.08437990517191396,-0.142285763621134,-0.09125850918513889,-0.10861274637768215,-0.16841015088176559,-0.20383085896645547,-0.0934392057170853,-0.16704032678981773,-0.1614394959564377
2020-03-04,-0.007400510284575779,-0.01035641236209739,-0.030646560307827975,0.025224446639031672,0.01593671839437638,0.025157141119723336,-0.07120922311271771,0.027456215932459394,-0.011972401832574198
2020-03-11,-0.09637832094418386,-0.19738586833226257,-0.11547273325958618,-0.08924103038915532,-0.11271054489847598,-0.17167725743578788,-0.178071649415244,-0.1419963169205113,-0.14005089761291634
2020-03-18,-0.33786453774203895,-0.30496186781208845,-0.22901342668404123,-0.28296704263199257,-0.3123366372394699,-0.1731615589096338,-0.3361592061153168,-0.39603056103013656,-0.2859467750808704
2020-03-25,0.27539208834335893,0.16230305302145331,0.18796143542361943,0.17113661345014708,0.12951088159688817,0.13406633530423306,0.30974550951141566,0.23407484834520154,0.12785235180764953
2020-04-01,0.01684784646319537,0.018465481428996622,-0.30430603131767997,0.026172309911044467,0.10521980856101587,-5.475169035962235e-05,0.07879399318718927,0.06022120342254378,0.017841808409595927
2020-04-08,0.07484441374010542,0.16328392826631477,0.5338263457528742,0.07385760352566462,0.10981307066448887,0.2265672231210647,0.15249858008106076,0.09582690642465952,0.2599326790647585
2020-04-15,-0.02537426580670843,-0.07968012616262587,-0.032863485313825436,0.0034636582013931605,-0.04112342295661375,-0.0829725038798198,-0.027546137822834993,-0.05289138967468321,-0.05599646878080233
2020-04-22,0.04396923132866304,0.005814039731311782,-0.03679412849620556,0.009368792474656606,0.008453272358738495,0.061604269036158676,0.034056177251859054,0.08897988103966248,0.2567328222601657
2020-04-29,0.1653936271085923,0.08796113056342048,0.14015598886048708,0.1934538304906459,0.10980072530371321,0.006823669139643496,0.06217645545111283,0.023247881698786443,0.09653858222104228
2020-05-06,0.14932803871352385,0.013188685100197661,0.07900528442731569,0.09046256863762614,0.028933862505567065,-0.02981284499608139,0.033073208937481446,0.2746408219723051,0.06830426744564089
2020-05-13,-0.021885792987584862,-0.07151431583939338,0.06213482642621693,-0.0337837784689865,-0.0721186750962527,-0.057897087331279073,0.013573663676445857,-0.1038007848498349,-0.044786416888848546
2020-05-20,-0.06697951537879099,-0.027366565607691573,-0.12064143169703845,-0.03457652593167082,-0.03751306874917659,-0.013914064258605086,-0.055555192742410275,0.05937413024746574,-0.0344952544906838
2020-05-27,0.04888801000975951,0.047165829684804095,0.018230010763074178,0.01569409670800903,0.026014171685637022,0.02596698172673806,0.08554112669572844,0.13114304543501532,0.03247429566939397
2020-06-03,0.028857120332437702,0.06432042889490552,0.08421339973883257,0.04239307478245702,0.021869892687425896,0.047406833301039786,0.016652057603010917,0.07834997927426635,0.19764751424444094
2020-06-10,-0.0488596284600451,-0.08654690816958166,-0.09521186159516948,-0.06803495450775965,-0.07221118995204234,-0.0767382275684767,-0.06262226245113423,0.19420552104787903,-0.1332630094958861
2020-06-17,0.009661197564843071,0.0010438217534312066,0.008501255555539267,0.00815657385725932,0.0040855570157058985,-0.012669948216509241,0.01812566270732696,0.4827519981246453,-0.007665911307602191
2020-06-24,-0.015621528939661622,-0.02287874439739923,-0.12371841388982951,-0.02224917230682899,-0.03868408877255214,-0.0048966786759631065,-0.010700247693524068,-0.17026715375287416,-0.043785302871976794
2020-07-01,-0.015262403357629628,-0.025322075890764628,0.0061012084403657685,-0.023169201698189812,-0.03446099551804371,-0.05411643737150418,0.023476931784139232,0.11015253546156778,0.008476928530073646
2020-07-08,0.016940772643178947,0.07356079445080543,-0.007793937613533974,0.862346502875917,0.14480611145706512,0.06951570364109316,0.02638959597820345,-0.062031628650693116,0.32426983635647155
2020-07-15,-0.01570820657431571,-0.056177837056187396,-0.000240052251272993,-0.3188537954941103,-0.04367455236299167,-0.039977613711211,0.0002033919642914217,-0.13966566084563647,0.11128397577467508
2020-07-22,0.04914953385059628,0.0669587410786383,-0.002481763171812479,0.10016693063209359,0.06972502102348566,0.056733262934656414,0.07709187206619106,0.08134138002470759,-0.02885691101341048
2020-07-29,0.1597046300394107,0.2629434322638109,0.004154994037813831,-0.01942337564585772,0.17797647779046621,0.11093495280020726,0.11294522550385389,-0.005566163190141249,-0.011466382840832234
2020-08-05,0.06016980487494905,0.04450942752244447,0.09119946090529507,0.10182611722861057,0.2415406499392978,0.23559750457086293,0.17907342233957424,-0.023188860172405623,0.10129028885830493
2020-08-12,0.0003704874151999604,-0.024050783655522823,0.043981677516714335,-0.012078677919624248,-0.01902933356789005,-0.06722853698065734,-0.029475129950148893,0.20759657630692785,-0.040354395406501986
2020-08-19,0.007996713670231914,0.0904973659766366,0.07587262648875481,-0.01649132098454853,-0.017575150771884984,-0.02366621617829412,0.09180211602164379,-0.06358454779748712,0.04932591200440939
2020-08-26,-0.046721436749909695,-0.10999041157294731,-0.11582247980905525,-0.07400985387201597,-0.09591457617767984,-0.08729012003638059,-0.11619668459159238,-0.08209068225747629,-0.12370424723066764
2020-09-02,-0.09520999237699113,-0.1475152231162653,-0.11062733545109116,-0.12519514014180644,-0.06778918544003532,-0.1903377324593135,-0.12908536411834182,-0.21561513637192264,-0.1540721755232669
2020-09-09,0.011502038282809712,0.01973331037951498,-0.03767555961174396,0.0010706719964554967,-0.012369208441243562,0.1383411084830679,0.07028568135677205,-0.013472715225785303,0.02362584350883168
2020-09-16,0.056532251574512804,0.0032886661799846895,0.05368246015281475,0.0032085806519142057,0.03557665161314727,-0.04687357789179125,0.10741198238354199,-0.08316353528599107,-0.011066847345650666
2020-09-23,-0.01858083730966198,-0.0801206290881874,-0.057425059094524666,-0.06041218801397119,-0.07603667167480521,-0.07646911336103024,0.003734260392497246,-0.05091144039147022,-0.12176720234619531
2020-09-30,-0.011373895550137902,0.02940636459850099,0.07790812580781603,-0.010968313018772435,0.022929581208030125,0.0045759368569993075,0.10279387359352365,-0.040758941699950535,0.039260408197020924
2020-10-07,0.028267770026355166,0.020639422776958627,-0.010827376960850899,-0.004588856235218208,0.05560467852986495,-0.024972764752533072,0.08714098484128185,0.03052497706945201,-0.0011443224695441012
2020-10-14,0.05233807699855042,0.047672406887230956,0.057367481369146045,-0.003841750299647617,-0.022554252748910986,0.04426656380700811,0.1673014907894712,0.05900469203402503,0.009833607767788966
2020-10-21,0.12792494723154868,0.09652190709690234,0.08017988319365288,0.023910531254349277,0.04418557222967401,0.077156467022363,-0.02128811344226955,0.05750734804999502,0.15179426854431366
2020-10-28,0.023553610046431084,0.02718461425233132,0.02502841380582521,-0.022598867083779894,-0.04260786191224264,-0.08676774857056724,-0.005645683848909511,-0.1584850460261732,-0.07842399953591128
2020-11-04,0.06498405126905515,-0.022306282298829805,0.059836329610694294,-0.023892102958698813,-0.0328310399915247,-0.05332351692067605,-0.0822674603790412,-0.022881510330374777,-0.05088306896564798
2020-11-11,0.11091448330108467,0.09203685996113986,0.08950062833080574,0.093170129436559,0.07765575900465826,0.07490129319906424,-0.022336715494963855,0.1459084208660113,0.08176371192793064
2020-11-18,0.13391634322608326,0.2382576094567268,0.04538780177625923,0.05055981939942633,0.1481431042753929,0.15228489372913145,0.0906465394420839,-0.01931286466385962,0.036224122016229154
2020-11-25,0.052129573631109816,0.1110685271244638,0.11461701115192668,0.2811962644648738,1.1598759862291557,0.27974531900069244,0.04451474213072415,0.6713991303746052,1.3345332616328727
2020-12-02,0.025035643362431248,0.08520244512956898,-0.10716718281150683,-0.09471421959284565,-0.008796492395726108,0.02920044020232382,-0.009656942161493376,0.018495665853859533,-0.05149023831232635
2020-12-09,-0.03370515531597684,-0.12880916930184183,-0.0008914528743911854,-0.06401897148756286,-0.07350936344579428,-0.09338719712568111,0.036978595904149314,-0.15496367447230852,-0.06981866716328888
2020-12-16,0.14857680924627914,0.19866313333225571,0.007828421572706246,0.08169723361369585,-0.025637791383222308,0.09691375131275781,0.19661239559848886,0.13944606319769504,0.11134920036820284
2020-12-23,0.09060037067091575,0.09728855060750052,-0.19848960789770798,0.10304453335994257,-0.5452176337618626,-0.1304712591867645,-0.04919187482886034,-0.16499020797195463,-0.33923545454998416
2020-12-30,0.24093301194354177,0.2715558344372122,-0.03063984916555207,0.23036089305380547,-0.1808725421196571,0.11597242498203308,0.05616314158458913,0.30466783166387623,0.043029694279410835
