,pe,pb,pcf,ps
SPY,27.93,4,16.31,2.74
IVV,27.16,3.81,16.08,2.62
VTI,27.49,3.81,15.92,2.58
VOO,27.94,4,16.32,2.75
QQQ,34.42,7.93,21,4.64
VEA,20.35,1.66,9.7,1.31
IEFA,20.87,1.61,9.79,1.28
VWO,18.41,2.09,11.29,1.73
VUG,38.05,9.26,23.78,5.37
IEMG,18.8,1.94,10.5,1.5
IWF,35.21,11.28,22.95,4.41
VTV,21.12,2.47,11.73,1.8
IWM,20.28,2.36,9.75,1.37
IJR,20.72,1.95,8.8,1.12
IJH,24.54,2.41,11.46,1.58
EFA,21.18,1.65,10.02,1.36
VIG,27.17,5.19,16.21,2.14
IWD,21.67,2.22,11.84,1.85
VGT,34.23,9.43,21.42,5.45
VO,26.83,3.32,15.86,2.12
VXUS,19.73,1.76,10.07,1.4
XLK,34.03,9.77,21.13,6.25
VB,23.23,2.69,12.55,1.74
USMV,25.44,4.08,15.3,2.62
IVW,34.92,9.34,22.42,4.93
ITOT,26.87,3.61,15.45,2.46
VYM,20.91,2.39,11.24,1.96
VEU,20.02,1.79,10.35,1.46
EEM,19.32,2.04,11.03,1.62
IWB,27.22,3.76,16.08,2.61
SCHX,27.52,3.86,16.33,2.67
XLV,27.26,4.62,15.08,1.69
IXUS,19.99,1.71,9.98,1.37
IWR,25.24,2.93,13.61,1.87
XLF,17.87,1.46,0,2.35
DIA,23.49,4.11,15.58,2.43
SCHF,20.55,1.61,9.81,1.31
QUAL,25.69,5.47,16.97,3.42
VV,28.32,4.12,16.72,2.83
IVE,21.24,2.29,11.67,1.74
XLY,33.58,8.43,16.29,2.43
SCHB,26.92,3.62,15.52,2.47
RSP,22.76,2.57,12.19,1.69
VBR,18.65,1.92,9.16,1.16
MDY,25.01,2.55,12.21,1.71
ARKK,0,7.56,32.26,9.5
SDY,21.8,2.33,10.86,1.45
VT,23.6,2.53,12.87,1.92
GDX,20.02,2.06,9.78,3.11
SCHD,20.76,2.63,11.42,1.75
XLI,27.12,4.64,16.41,2.36
IWP,35.54,10.16,24.14,3.1
DGRO,21.04,2.95,13.51,2.22
VGK,20.86,1.84,10.08,1.39
DVY,18.27,1.52,8.68,1.3
VBK,34.97,5.33,21.56,4.39
ACWI,24.03,2.58,13.28,1.98
VXF,24.66,3.09,14.03,1.98
EWJ,20.5,1.38,9.43,1.05
XLP,22.84,5.27,13.85,1.49
SCHG,37.16,8.99,23.85,4.63
ESGU,27.37,3.99,17.06,2.69
XLE,0,1.71,11.91,1.61
MTUM,41.36,10.35,25.67,5.18
VHT,27.7,4.82,15.5,1.83
SCHA,20.69,2.3,9.87,1.44
XLC,26.9,3.74,13.95,3.3
XLU,22,2.01,10.1,2.76
IWO,29.99,5.61,15.87,2.45
IWN,15.68,1.48,7.01,0.96
IWS,22.09,2.13,10.84,1.54
GSLC,26.72,4.56,14.97,2.23
FDN,37.4,8.29,25,5.15
SCZ,18.86,1.41,8.58,0.95
VOE,20.73,2.22,11.05,1.36
EFAV,21.88,1.99,11.16,1.7
IWV,26.79,3.61,15.51,2.46
IUSG,34.77,8.72,22.05,4.72
IBB,23.5,6.38,16.71,6.18
VOT,38.8,6.5,24.84,4.72
FVD,21,2.48,11.82,1.87
EFG,31.11,3.8,17.5,2.58
MGK,38.1,10.07,23.61,5.46
TQQQ,0,0,0,4.77
SPYG,34.7,9.35,21.78,4.78
VLUE,17.17,1.82,7.43,1.03
IHI,39.08,5.26,29.09,6.41
SPDW,20.5,1.62,9.59,1.24
SCHE,18.7,2.06,11.52,1.74
SPLV,24.37,4.42,14.07,2.08
SCHM,23.89,2.64,12.53,1.84
SCHV,22.31,2.58,12.6,1.96
IJK,32.31,4.26,17.28,2.85
SPLG,27.92,4,16.3,2.74
IUSV,21.12,2.24,11.38,1.68
ARKG,0,5.47,0,8
SPYV,22.34,2.45,12.22,1.88
EFV,15.91,1.08,6.68,0.95
OEF,27.55,4.25,16.84,3.1
VFH,17.37,1.44,0,2.34
EWY,19.45,1.21,7.44,0.79
NOBL,24.89,3.27,14.02,1.5
FTCS,23.34,6.56,16.52,2.46
XBI,0,5.8,0,2.16
IYW,32.4,9.07,21.37,5.92
EWZ,21.14,2.39,6.33,1.7
MCHI,18.34,2.37,16.08,1.96
IJS,18.05,1.41,6.4,0.83
BBJP,20.3,1.34,9.39,1.02
GDXJ,22.4,2.02,8.72,2.42
SKYY,0,7.03,15.33,4.28
ESGE,20.23,2.09,12.03,1.68
IGV,40.31,11.8,29.86,9.76
ACWV,21.61,2.62,11.72,1.9
HDV,23.04,2.33,10.48,2.06
VSS,17.53,1.52,8.28,1
VDC,22.95,4.78,13.65,1.19
AAXJ,19.94,2.02,12.29,1.69
VONG,35.22,11.12,22.35,4.24
IJJ,19.58,1.71,8.33,1.1
EWT,19.34,1.98,10.67,1.1
FNDF,17.18,1.04,5.77,0.69
FNDX,21.51,2.16,9.77,1.16
FTEC,33.9,9.11,21.17,5.36
ARKW,0,9.28,34.57,9.08
IJT,23.91,3.38,13.36,1.76
XLB,31.97,3.04,13.3,2.47
EZU,22.16,1.58,9.4,1.2
DGRW,22.55,5.2,13.54,2.67
IXN,33.16,6.92,19.03,4.69
SPEM,18.35,1.93,10.56,1.53
VOOG,34.7,9.36,21.77,4.78
SOXX,30.24,6.63,19.33,6.24
VCR,32.61,6.8,15.22,2
INDA,25.48,3.05,13.53,2.27
ICLN,37.37,4.79,17.74,4.52
IDEV,20.55,1.63,9.8,1.31
VPL,20.13,1.43,9.16,1.14
PRF,21.81,2.29,10.1,1.23
BBCA,17.72,1.9,10.87,1.82
VPU,21.67,1.95,9.7,2.56
SPTM,26.84,3.58,15.37,2.43
AMLP,11.38,1.28,4.34,0.98
EEMV,18.2,1.92,11.15,1.62
MOAT,21.65,2.77,13.65,2.54
ESGD,21.18,1.65,10.51,1.32
FXI,12.67,1.4,13.48,1.58
IEUR,21.15,1.76,9.95,1.35
QLD,0,0,0,4.77
SMH,31.94,7.02,20.97,6.66
VIS,27.96,4.29,15.18,2.07
IDV,12.23,1.09,6.38,0.93
ACWX,20.28,1.77,10.34,1.45
DBEF,21.3,1.75,10.29,1.44
FNDA,20.36,1.73,7.34,0.95
KWEB,39.75,5.34,25.17,0
ONEQ,33.61,6.37,20.37,4.1
FNDE,11.59,1,5.12,0.67
TAN,47.15,5.37,17.93,4.95
GUNR,22.57,1.59,8.52,1.13
MGV,21.34,2.58,12.03,1.99
IWY,35.15,11.56,22.71,4.86
BBEU,20.96,1.77,10.11,1.4
SPMD,24.6,2.41,11.43,1.58
XSOE,24.3,2.67,13.41,1.85
VONV,22.51,2.37,12.4,2
QTEC,33.99,8.09,23.91,6.68
VDE,0,1.59,9.85,1.42
MGC,28.64,4.35,16.91,3.05
VOX,27.51,3.72,12.76,3.29
SPSM,20.66,1.96,8.86,1.12
VTWO,20.89,2.53,11.03,1.51
IGM,35.41,8.31,21.8,5.28
SSO,0,0,0,2.65
IGF,24.99,1.86,9.8,2.53
CIBR,25.84,7.17,19.2,3.46
BBIN,20.91,1.62,9.92,1.33
XT,28.03,3.8,12.83,2.9
VIGI,28.22,3.64,17.19,2.58
SCHC,17.85,1.4,7.78,0.94
ESGV,27.82,4.3,16.93,2.78
JETS,0,1.92,0,1.01
EWU,19.58,1.54,8.29,1.22
ITA,21.72,2.54,17.18,1.41
IOO,25.33,2.91,13.94,2.34
USSG,28.56,4.92,17.3,3.17
SUSL,27.55,4.73,16.98,3.01
SLYV,19.06,1.59,7.71,0.94
RPG,34.31,9.36,25.87,6.02
EWC,17.61,1.87,10.64,1.76
DON,17.37,1.94,8.6,1.41
IQLT,23.11,2.98,14.57,2.14
DSI,27.93,4.71,16.1,2.83
EWG,22.12,1.62,8.18,1.03
DLN,21.8,3.44,12.39,2.33
FXL,28.6,5.9,16.96,2.15
AIA,20.53,2,12.9,2.23
PBW,0,5.54,0,1.85
SPHD,21.84,2.15,8.05,1.28
KBE,14.18,1.07,0,2.59
IYH,26.55,4.82,16.5,2.14
IXJ,25.58,4.43,15.73,2.09
FHLC,26.67,4.91,16.33,1.96
SPHQ,27.94,6.55,18.44,3.26
HEFA,21.18,1.65,10.02,1.36
BOTZ,46.79,3.81,22.86,3.04
PDP,43.46,11.46,28.31,6.66
SPYD,18.16,1.39,8.78,1.28
FV,25.4,3.8,11.27,1.58
ASHR,19.24,2.36,16.68,1.99
RYT,32.32,5.1,17.6,3.07
XOP,0,1.43,6.37,1.11
VAW,28.66,2.95,12.37,1.92
GSIE,20.67,1.91,9.21,1.18
FNDC,15.74,1.06,5.66,0.59
SUSA,27.65,4.42,16.55,2.6
NFRA,23,2.08,8.45,2.01
FAS,17.4,1.45,0,2.31
RODM,15.88,1.44,7.78,0.92
EPP,21.76,1.72,11.1,2.92
TECL,33.99,9.74,21.09,6.21
FBT,25.45,4.85,19.77,5.47
ITB,14.35,2.44,9.9,1.16
MDYG,31.65,4.4,17.6,2.95
HACK,31.47,5.06,19.29,3.81
VONE,27.89,3.95,16.38,2.71
FPX,0,7.22,21.66,4.17
HEDJ,23.85,2.63,9.65,1.14
ARKF,43.96,8.65,30.9,7.12
SLYG,24.32,3.53,14.33,1.86
KRE,18.03,1.32,0,3.49
QCLN,38.34,6.09,19.16,5.6
SOXL,31.56,7.11,19.96,6.49
FEZ,22.57,1.95,11.02,1.56
JHMM,24.52,2.99,13.55,1.77
JKE,43.71,11.37,29.39,8.85
RDVY,16.56,1.81,14.26,1.31
SH,0,0,0,0
GXC,17.48,2.13,14.91,1.76
UPRO,0,0,0,2.65
GEM,18.32,1.91,9.69,1.37
USMC,27.15,4.48,15.29,3.18
KOMP,27.86,3.56,12.22,2.01
EWA,23.62,2.15,11.8,2.97
EWL,22.07,2.88,16.54,2.42
BBAX,21.9,1.7,10.89,2.74
XLG,28.79,4.86,18.17,3.77
XMLV,24.89,2.96,13.06,1.81
DEM,9.61,1.12,5.54,0.77
PRFZ,19.69,2.1,8.83,1.12
DGS,10.19,1.11,5.54,0.64
EMLP,16.61,1.53,6.73,1.16
VYMI,14.73,1.28,6.9,1.09
SPXL,27.93,4,16.31,2.75
ARKQ,38.8,5.97,21.9,3.59
AMJ,0,0,0,0
QYLD,34.66,7.88,21.31,4.77
IEV,21.05,1.75,10.02,1.38
RSX,11.28,1.16,5.54,1.29
DXJ,18.24,1.02,7.46,0.79
ROBO,38.54,4.07,20.16,3.01
VOOV,22.33,2.45,12.23,1.89
VSGX,19.9,1.8,11.53,1.55
ILF,20.11,2.13,5.8,1.86
DES,16.64,1.6,7.5,1.03
CLOU,52.99,10.55,29.66,8.81
JKH,38.74,8.76,28.89,7.06
LIT,35.87,4.91,20.19,2.61
IYT,26.87,3.8,9.32,1.37
MDYV,19.57,1.71,8.33,1.1
XSLV,23.8,2.28,14.59,1.59
TNA,0,2.54,0,1.51
CWI,20.61,1.78,10.14,1.44
FXH,21.66,3.96,13.34,1.15
EWH,20.18,1.25,8.94,2.68
IYY,27.26,3.76,16.04,2.6
QDF,20.61,4.13,11.69,1.66
IYF,19.6,1.69,0,2.68
FLQL,24.32,5.35,14.24,2.54
EMQQ,39.65,6.27,27.63,5.1
SCHK,27.43,3.85,16.24,2.64
DLS,13.16,1.13,5.87,0.73
FDL,19.73,1.86,8.19,1.77
TILT,22.39,2.61,11.62,1.68
SQQQ,0,0,0,0
TDIV,21.4,3.98,9.79,2.52
FXD,20.48,3.31,9.95,1.31
SLY,21.54,2.16,10.21,1.23
CQQQ,40.95,4.26,19.92,2.9
KBWB,18.17,1.21,0,2.78
EWW,15.1,1.71,6.2,1.24
PHO,36.66,4.88,19.73,3.57
XHB,18.2,3.31,11.48,1.44
FDIS,33.18,6.59,15.04,1.95
BBMC,25.14,2.83,12.41,1.88
GNR,21.92,1.49,7.99,1.06
WCLD,0,16.06,36.23,11.18
XAR,27.67,3.37,17.64,1.67
IYC,30.21,5.51,15.23,1.52
IYJ,29.22,4.45,15.33,2.26
PXH,11.8,1.16,6.52,0.97
IYG,19.41,1.79,0,3.36
VIOO,21.54,2.16,10.22,1.24
QQEW,31.89,5.61,19.5,3.69
URTH,24.85,2.69,13.58,2.05
NUGT,12.98,1.85,7.29,2.52
IHF,17.87,2.84,8.6,0.73
IPAC,20.26,1.39,9.5,1.18
FUTY,21.83,2.09,9.95,2.54
FTC,33.69,8,24.64,4.84
IVOO,24.94,2.55,12.24,1.69
RPV,13.8,1.07,6.28,0.67
PXF,17.33,1.17,6.85,0.89
SIZE,24.45,2.84,13.49,1.89
EUFN,11.73,0.7,0,0.99
IPAY,38.39,4.61,18.73,4.52
IBUY,0,6.35,13.17,1.73
FINX,45.27,6.84,29.59,7.51
PNQI,37.88,8.14,27.01,5.92
SDOG,20.76,2.05,8.21,1.02
FEX,21.87,2.88,13.19,1.88
IXC,0,1.19,6.31,0.93
SIL,27.53,2.45,16.04,3.75
JHML,25.45,3.43,14.86,2.14
IWC,0,1.99,7.11,1.05
PKW,14.76,2.17,9.19,0.93
JPIN,17.54,1.39,7.21,0.9
FNGU,0,0,0,0
PTH,0,9.14,0,4.69
MJ,0,2.91,0,2.36
INTF,15.93,1.5,7.82,0.98
IWX,21.44,2.27,12.5,2.07
ONLN,30.62,7.31,16.66,2.35
FSTA,22.53,4.78,13.88,1.21
IWL,27.89,4.19,17.21,3.05
EWQ,21.54,1.58,10.46,1.33
SPYX,27.64,4.06,16.23,2.72
SMMV,23.38,2.68,13.24,1.77
IYM,30.92,2.62,12.5,2.38
FIVG,30.72,3.36,12.66,2.46
LRGF,21.93,3.44,12.7,1.76
FNCL,16.02,1.34,0,2.12
JKD,28.12,5.02,19.22,2.59
IHDG,21.81,4.09,12.96,2.82
PSC,17.9,1.99,7.89,1.18
XME,20.39,2.1,10.43,0.97
VTHR,27.45,3.81,15.95,2.58
KBA,20.51,2.47,17.33,1.9
RWL,20.71,2.45,9.74,0.77
LDEM,19.59,1.95,11.55,1.72
REGL,21.72,2.1,8.35,1.66
CGW,32.46,3.11,11.57,1.84
QUS,24.52,3.42,14.24,2.16
IDLV,18.66,1.45,8.25,1.03
DTD,21.06,3.09,11.87,2.2
IVOG,31.52,4.38,17.61,2.94
NXTG,24.3,2.73,9.1,1.55
GDVD,30.03,3.82,15.09,2.69
FTXR,27.17,2.58,7.34,0.96
KOKU,25.84,3.08,14.51,2.35
XSD,33.44,6.04,23.32,6.4
JKG,26.52,3.62,15.93,2.6
GWX,15.59,1.18,6.64,0.72
MOO,28.35,2.36,11.23,1.17
SDS,0,0,0,0
RYH,24.4,4.16,14.61,1.12
SDIV,9.33,1.03,5.79,1.09
IDU,21.64,2.07,9.91,2.52
PWB,38.45,9.12,24.47,5.54
DHS,18.03,2.14,8.64,1.99
XMMO,30.33,5.56,17.61,2.4
FTA,17.11,1.83,8.81,1.22
CFO,24.4,3.33,14.1,1.96
JNUG,10.65,1.87,6.34,1.86
IPO,0,14.11,34.2,8.93
ROM,0,0,0,5.96
PPA,24.98,3.29,15.33,1.68
UDOW,0,0,0,2.39
JHEM,17.26,1.72,9.96,1.36
EPI,16.8,1.95,8.43,1.44
IYK,26.8,5.19,15.1,2.39
PEY,16.37,1.56,7.55,1.05
FNX,17.8,2.29,10.78,1.54
VIOV,19.05,1.59,7.71,0.94
MLPA,9.48,1.25,4.04,1
PAVE,N/A,N/A,N/A,N/A
MFEM,18.64,1.52,7.63,0.88
ESPO,35.68,6.66,25.81,5.25
OGIG,44.52,10.92,30.65,7.43
OIH,0,0.99,6.33,1.01
XHE,43.1,5.01,27.82,5.24
JKK,41.41,6.46,24.38,4.89
IMTM,30.16,4.04,17.1,2.82
LVHD,18.45,2.93,11.19,1.61
EEMA,18.64,1.92,11.41,1.4
FPXI,35.16,8,20.3,4.02
FIW,36.17,4.06,17.89,2.51
SPXU,0,0,0,0
FCOM,27.69,3.61,12.68,3.13
CXSE,24.96,4.23,21.66,2.67
CFA,24.4,3.33,14.1,1.96
PEJ,0,3.39,13.83,1.55
SMDV,21.85,1.83,10.34,1.52
NULV,20.77,2.45,11.76,1.57
DVYE,8.62,0.94,5.07,0.82
FXO,12.57,1.18,0,1.64
INDY,26.7,2.9,12.8,2.43
PWV,19.36,2.41,10.64,2.02
SMLF,18.31,2.26,8.74,1
XRT,16.77,3.89,7.01,0.59
EWS,15.77,1.13,0,2.73
FDVV,22.2,2.13,10.69,2.32
GMF,19.03,2.16,13.14,1.63
PSJ,0,9.63,33.28,8.22
SILJ,0,1.63,12.85,3.34
EMGF,15.16,1.7,9.01,0.99
CDC,18.18,1.84,8.82,1.44
CRBN,23.55,2.57,14.1,2.11
DWM,17.26,1.53,8.2,1.15
KSA,18.43,2.02,10.44,3.29
EZM,16.01,1.97,8.6,1.12
FYX,17.34,1.79,8.48,1.09
OUSA,22.86,6.23,14.46,2.87
KXI,22.2,3.93,13.12,1.42
UWM,0,0,0,1.41
RDIV,17.84,1.43,8.77,1.2
CHIQ,32.1,4.73,23.34,2.24
JPUS,21.45,2.86,10.84,1.72
MLPX,19.69,1.47,4.43,0.88
DWX,14.74,1.39,8.04,1.63
LGLV,27.06,2.8,16.4,2.93
EWX,15.28,1.34,7.13,0.93
UYG,0,0,0,2.75
TLTD,16.6,1.18,7.09,0.87
FENY,0,1.29,7.49,1.01
MXI,24.63,2.15,10.26,1.57
CNYA,20.22,2.44,16.87,1.73
IVLU,13.98,0.85,5.56,0.68
HERO,31.87,4.85,23.09,4.74
EDOC,48.59,6.87,29.47,5.94
FIDU,26.53,4.07,14.08,1.87
EQAL,22.74,2.35,10.54,1.6
JHSC,21.39,2.42,11.48,1.75
SPXS,0,0,0,0
HDEF,14.53,1.61,7.75,1.1
EWP,21.54,1.12,6.95,1.13
JKF,20.17,2.37,11.28,2.24
XNTK,32.64,9.76,21.63,5.47
VTWG,29.78,5.75,17.08,2.64
IQDF,13.15,1.64,7.78,1.12
PSQ,0,0,0,0
NUSC,21.11,2.52,11.06,1.42
PID,16.06,1.15,6.01,1.75
VTWV,16.43,1.62,8.09,1.07
IVOV,20.29,1.82,9.16,1.2
QEFA,20.97,1.66,10.17,1.36
SPHB,20.63,1.7,10.92,1.57
AVUS,23.53,2.96,12.2,1.74
SECT,23.15,2.9,12.91,1.92
DTN,19.63,2.63,8.77,1.48
ULVM,20.42,2.23,10.75,1.15
PICK,N/A,N/A,N/A,N/A
PFM,25.44,3.97,13.39,1.94
FRLG,0,0,0,0
ESML,21.96,2.42,10.35,1.47
HEZU,22.16,1.58,9.4,1.2
DIV,15.95,1.74,6.73,1.04
DWAS,0,5.25,14.59,2.23
SDOW,0,0,0,0
FLJP,20.08,1.32,9.19,0.99
ECH,15.48,1.25,4.95,1.1
IYE,0,1.34,8.01,1.11
RHS,20.55,3.45,11.95,1.18
RING,17.35,1.81,8.67,2.66
JHMD,20,1.53,8.68,1.15
BBH,26.75,7.48,18.14,6.31
PSCH,26.46,3.77,11.42,1.58
VIDI,13.8,1.11,5.17,0.62
GUSH,0,1.43,6.37,1.11
ERUS,12.06,1.06,5.84,1.3
EES,13.37,1.57,5.89,0.69
FNY,30.57,6.09,17.63,3.3
PTF,0,16.99,37.54,12.97
PZD,43.61,4.79,20.94,2.68
EPS,21.29,3.28,12.91,2
ONEV,20.98,2.63,11.18,1.2
ONEY,18.06,1.87,7.16,0.99
QDEF,22.01,4.44,13.48,2.3
CATH,27.06,3.72,15.73,2.32
VNM,25.39,3.27,16.56,1.65
DBEU,21.27,1.88,10.43,1.47
FEP,14.8,1.32,8.05,0.97
THD,0,0,0,1.38
AVUV,13,1.32,4.74,0.71
JQUA,25.2,5.53,15.02,2.88
XTN,24.52,2.18,6.21,1.01
FEM,9.85,1.08,4.77,0.65
RTM,26.85,2.68,11.03,1.87
NANR,30.12,1.46,9.83,1.63
SPGM,23.74,2.47,12.48,1.82
AVEM,15.39,1.5,7.88,1
NULG,37.97,10.1,27.89,6.82
ERX,0,1.71,11.91,1.61
EZA,16.01,1.74,0,1.28
CSM,23.06,3.15,13.15,1.71
IYZ,19.36,2.03,6.42,1.63
FM,14.34,1.66,0,2.26
TZA,0,0,0,0
XITK,0,7.08,26.1,6.01
RGI,26.36,3.98,15.08,1.77
DDM,22.37,5.14,15.38,2.39
UIVM,15.91,1.1,7.13,0.83
VIOG,24.32,3.53,14.32,1.86
KRMA,25.92,3.99,16.17,2.65
EWD,16.8,2.21,13.57,2.2
EWM,19.57,1.56,10.57,3
FAN,25.64,2.53,9.97,1.59
SNPE,28.03,4.08,16.5,2.74
AVDE,18.91,1.41,7.93,1.04
FDLO,27.99,4.92,16.87,3.05
EXI,26.08,3.13,12.93,1.55
FGD,12.01,0.91,0,0.84
EIDO,19.42,2.01,6.91,1.99
PSCT,31.83,3.57,17.24,1.79
RXI,31.27,3.27,12.7,1.67
JKI,18.32,1.67,8.13,0.86
RFG,34.59,3.33,19.57,2.86
PDN,16.53,1.28,6.76,0.72
TPYP,19.35,1.53,5.89,1.46
QQQE,31.82,5.6,19.46,3.68
GII,24.62,1.95,10.19,2.64
PSI,34.58,6.54,23.84,4.73
XSW,30.02,6.64,19.41,3.47
FDT,13.31,1.15,6.81,0.82
NAIL,14.02,2.47,10.18,1.17
PBD,27.98,4.5,16.05,2.71
KIE,11.18,0.85,0,0.97
VUSE,15.2,1.61,5.6,0.64
IHE,26.87,3.9,16.44,3.69
BLOK,0,6.08,0,4.94
DOL,18.03,1.72,8.73,1.39
FXR,24.94,3.71,11.54,1.73
TECB,34.01,8.1,21.24,5.66
PJP,21.82,3.68,12.89,3.21
OMFL,23.54,3.54,12.62,1.54
TUR,9.57,1.22,6.02,0.35
IXG,13.95,1.03,0,1.59
LABU,0,5.8,0,2.16
HEWJ,20.5,1.38,9.43,1.05
DWLD,N/A,N/A,N/A,N/A
SNSR,36.13,4.21,18.48,3.16
URTY,0,0,0,1.41
IXP,26.3,3.28,10.91,2.86
DOG,0,0,0,0
JKL,14.45,1.41,6.18,0.94
IGE,28.97,1.55,8.34,1.32
AVDV,13.48,1,4.65,0.59
RCD,22.48,3.54,10.72,1.52
VSDA,24.52,3.86,16.1,2.07
FDRR,21.8,2.8,10.64,2
DUSA,N/A,N/A,N/A,N/A
SDG,22.89,2.32,12.82,1.32
REMX,0,3.54,17.93,1.37
WOOD,17.68,1.7,7.87,1.04
EPOL,16.95,1,4.27,0.73
DFEN,25.11,2.76,18.27,1.93
DNL,25.46,5.88,15.66,3.66
DFE,16.03,1.72,6.73,1
FLGE,0,0,0,0
SOCL,N/A,N/A,N/A,N/A
HFXI,20.72,1.59,9.87,1.33
IRBO,33.69,4.12,14.79,2.11
KBWD,14.4,1.06,0,2.81
RWJ,15.8,1.55,4.5,0.27
EDIV,11.84,1.36,6.35,0.84
IAT,15.94,1.17,0,3.02
EELV,12.4,1.16,7.06,1.03
CLRG,23.32,3.17,14.16,1.89
ISDX,19.77,1.39,5.94,0.68
EUSA,24.39,2.86,13.55,1.87
IQSU,28.41,4.6,17.18,3
USVM,16.64,1.8,7.64,0.92
BIZD,18.85,0.97,0,7.87
DINT,N/A,N/A,N/A,N/A
CAPE,0,0,0,0
XPH,28.13,3.67,12.74,3.14
BBUS,27.4,3.88,16.47,2.69
UEVM,9.04,0.78,4.59,0.52
YINN,12.88,1.45,14.09,1.66
TLTE,12.44,1.14,6.2,0.83
EWN,26.41,1.93,12.47,1.57
IFV,19.73,1.83,9.81,1.25
PBE,28.23,5.64,19.44,5.55
FVAL,19.44,2.76,10.28,1.41
KBWP,12.06,1.18,0,1.06
FNDB,21.42,2.12,9.49,1.14
SBIO,0,5.29,0,7.01
SGDM,12.6,1.54,6.74,2.46
RWM,0,0,0,0
RWK,19.21,1.82,7.45,0.63
DEF,25.18,4.81,15.8,1.78
NUMG,37.92,8.81,27.95,5.58
ROUS,19.74,3.28,12.5,1.57
JPME,21.66,2.59,10.62,1.64
FXG,16.35,2.27,7.52,0.48
FNI,29.59,4.19,14.69,1.81
PPH,23.35,3.38,12.42,0.82
ONEO,22.45,3.18,12,1.46
IQIN,17.88,1.16,5.63,0.52
FMAT,28.68,2.84,11.87,1.87
TMFC,35.73,7.59,22.56,4.29
IHAK,0,5.98,17.78,3.3
BIB,0,0,0,6.19
BRZU,20.33,2.21,5.74,1.61
EEMS,14.96,1.4,7.61,0.94
JPEM,15.34,1.7,6.85,1.4
IDNA,0,4.89,0,6.43
GSSC,18.78,2.35,9.69,1.23
SPGP,20.16,3.06,15.1,1.99
PIO,31.77,3.58,12.42,2.02
PGJ,27.82,4.71,22.54,0
FYC,22.45,3.59,11.15,1.24
SLVP,27.25,2.27,12.64,3.15
QGRO,30.92,9.56,18.8,3.49
SMIN,20.98,2.66,11.7,1.84
FLEE,21.05,1.76,10.19,1.39
CZA,23.47,2.34,12.49,1.2
DRIV,30.43,2.51,9.96,1.29
MSOS,0,4.67,0,8.05
QID,0,0,0,0
FDD,11.84,0.97,5.45,0.88
RYU,15.67,2.06,9.23,2.24
JKJ,21.44,2.44,11.98,1.65
EDC,19.04,2.1,11.12,1.69
ENZL,29.01,2.62,17.71,3.08
SMLV,17.33,1.46,9.46,1.54
PAWZ,33.66,6.02,21.32,2.69
PIE,22.2,3.25,12.56,1.84
DBJP,20.85,1.46,9.64,1.12
DSTL,22.25,4.73,12.48,1.72
URA,0,1.52,7.3,1.15
COWZ,15.11,2.37,6.04,0.58
PRN,34.12,5.37,15.24,2.57
FAZ,0,0,0,0
FAD,30.3,5.92,18.38,2.75
CACG,30.51,5.57,18.02,3.43
SMOG,46.36,6.47,23.03,4.49
FFTY,24.86,6.56,14,2.93
RTH,25.31,6.98,12.04,0.7
PIZ,31.52,5.19,20.26,3.71
COPX,20.01,1.33,7.17,1.04
WDIV,13.36,1.12,7.24,1.15
FXU,14.12,1.69,8.22,1.91
HEEM,19.32,2.04,11.03,1.62
EWI,14.67,1.13,5.51,0.72
JUST,26.66,3.83,15.89,2.53
PSP,14.98,1.72,0,2.13
FNGO,0,0,0,0
GCOW,16.32,1.66,5.93,1.07
DFJ,13.26,0.77,5.82,0.48
TTAC,25.25,5.01,15.27,2.05
BLCN,19.28,1.91,10.13,1.66
ROBT,34.34,4.28,19.27,2.96
CDL,18.18,1.84,8.82,1.44
HUSV,22.99,4.07,14.1,2.39
ADRE,22.45,3.3,12.52,2.53
ECON,31.57,4.42,15.97,2.3
SHE,32.88,3.69,18.13,2.44
FXZ,22.49,2.8,11.12,1.68
SPEU,21.07,1.77,10.07,1.37
TOK,25.38,2.92,14.26,2.25
BKF,19.04,2.3,13.12,1.91
KLDW,30.15,2.59,12.99,1.69
PKB,19.93,2.82,9.36,1.06
JPSE,17.97,2.02,7.41,1.08
ITEQ,33.1,6.11,25.65,4.6
EPU,36.43,1.82,6.27,1.84
DEUS,22.76,3.39,12.82,1.53
RYF,15.52,1.22,0,1.68
IEO,0,1.33,5.48,0.79
EDEN,26.85,3.4,15.14,2.57
CSML,16.59,1.7,8.16,1.05
BUG,0,10.82,26.01,9.11
MLPB,0,0,0,0
DTH,14.01,1.21,6.32,1.01
USD,0,0,0,6.38
FQAL,26.41,5.63,16.17,4.05
DIM,15.44,1.3,7.24,0.89
VFVA,14.09,1.29,5.49,0.78
DPST,18.03,1.32,0,3.49
IEUS,19.6,1.69,8.56,1.09
GVIP,35.32,3.78,21.57,3.62
RZV,14.01,0.91,3.27,0.38
EQL,26.98,3.04,14.49,2.44
TPLC,26.53,3.69,14.73,2.39
IAI,15.01,3.09,0,2.51
GREK,9.21,0.69,4,0.76
BIBL,30.8,4.32,16.53,2.5
YOLO,0,3.08,0,3.26
MVV,0,0,0,1.66
LABD,0,0,0,0
ISCF,15.42,1.4,7.61,0.89
BTEC,0,6.12,0,2.79
IQDG,21.75,4.1,12.98,2.79
EPHE,18.07,1.47,10.03,1.71
USMF,20.23,3.3,12.35,1.71
IDOG,14.62,1.27,5.39,0.81
SMMD,22.22,2.46,11.08,1.58
VALQ,17.84,2.57,9.13,0.98
IUS,22.94,2.86,9.91,1.13
JEPI,25.47,4.51,14.88,2.55
DFNL,N/A,N/A,N/A,N/A
ENTR,47.6,11.43,34.61,9.76
FEMS,8.42,1.04,4.66,0.65
NUMV,23.68,2.1,12,1.62
JSMD,30.59,4.46,17.05,2.18
AUSF,17.55,1.55,8.94,1.25
IDRV,28.6,2.25,9.6,1.29
GAMR,23.14,3.51,15.42,2.53
RFDI,18.24,3.12,12.87,2.06
SPDN,0,0,0,0
DDWM,17.26,1.56,8.2,1.19
EMXC,20.08,1.86,8.96,1.43
AMZA,0,1.24,4.2,1.05
KURE,35.73,6.38,26.06,3.38
ATMP,0,0,0,0
JXI,20.53,2,8.42,1.64
QQXT,30.45,4.62,17.2,2.81
VSMV,19.16,4.43,11.76,1.4
AIQ,31.88,6.01,17.51,3.86
FBGX,0,0,0,0
BETZ,0,3.95,11.89,2.43
TOLZ,24.08,2.06,9.18,2.23
JMOM,34.49,6.95,21.34,4.08
GVAL,12.19,0.93,4.49,0.76
EFAX,21.54,1.71,11.07,1.49
DOO,15.83,1.36,6.88,1.03
QEMM,16.6,1.72,9.92,1.36
IGRO,17.26,2.06,11.19,1.55
CCOR,21.08,3.57,14.7,2.36
DGRS,17.31,1.95,8.41,1.22
CURE,27.26,4.62,15.08,1.69
CHAD,0,0,0,0
FXN,0,1.48,7.77,1.81
DXD,0,0,0,0
WFH,0,6.23,16.02,2.29
NRGU,22.8,1.22,4.33,0.49
NUSI,34.64,7.85,21.3,4.77
GRID,29.61,3.42,15.32,2.13
XHS,24.06,3.62,6.75,0.52
DWAW,39.78,7.38,26.56,5.78
CHAU,19.23,2.36,16.69,1.99
CVY,11.98,1.25,6.09,0.85
RFDA,21.94,3.47,14.21,2.88
QINT,19.37,1.91,8.53,1.14
LRGE,32.74,6.83,21.2,3.45
EFAD,23.51,2.58,13.4,1.74
EBIZ,N/A,N/A,N/A,N/A
FCTR,20.9,1.95,10.54,1.31
ESGG,24.44,2.68,13.76,2.13
PHDG,27.96,4.04,16.31,2.74
SSUS,27.2,3.84,16.56,2.85
XES,0,1.04,8.77,1.27
MILN,37.29,6.52,19.57,3.06
PSL,27.49,4.86,19.54,1.5
QLV,27.86,5.02,16.11,3.05
FLLV,26.77,4.33,15.19,2.97
DJD,19.28,3.14,10.07,1.43
OUSM,22.73,3.06,12.47,1.75
SFY,27.11,3.66,16.55,2.49
DIVC,0,0,0,0
RYJ,18.67,1.9,8.23,1.55
BFOR,18.54,3.1,11.98,1.82
FYT,14.8,1.3,6.88,1.01
DVOL,36.4,6.4,21.2,3.87
QARP,23.69,4.05,13.75,1.82
OVL,27.41,3.97,16.27,2.65
FDM,11.6,1.6,5.22,0.69
RZG,18.84,3.73,9.99,1.56
PWC,20.86,3.5,11.15,1.28
EIS,20.21,2.04,12.29,1.79
SGDJ,12.21,1.87,6.82,1.69
RBIN,20.34,2.02,9.94,1.4
TPHD,20.44,2.65,10.41,1.86
DIG,0,0,0,1.13
RXL,0,0,0,2.14
ETHO,27.64,3.69,15.49,2.61
SRTY,0,0,0,0
EWZS,16.09,1.55,7.15,0.83
INDL,26.25,3.39,0,2.49
AIEQ,24.65,3.71,13.3,2.51
ESG,25.46,3.85,15.84,2.67
BLES,23.16,1.87,9.93,1.43
DBEM,19.03,2.1,11.09,1.7
IQSI,21.06,1.8,10.42,1.49
SIXA,21.19,3.89,11.83,2.02
QQQN,33.1,8.04,24.58,4.8
VMOT,16.58,3.1,10.06,1.21
CIL,20.06,1.66,10.11,1.32
GNOM,0,6.93,0,6.26
RBUS,25.6,4.7,16.14,2.04
FDMO,33.46,6.33,21.01,4.1
XSMO,19.83,3.41,10.58,1.01
ESGA,29.91,5.16,19.66,3.19
BKLC,29.14,4.56,17.62,3.34
EEMX,19.42,2.14,12.5,1.77
IPKW,20.07,1.48,7.49,0.89
HTEC,34.2,7.05,28.81,6.7
PIN,26.4,3.32,14.7,2.45
DBAW,20.36,1.87,10.63,1.53
GOAU,14.57,1.48,6.34,1.93
MXDU,25.18,3.97,14.81,2.3
GSEW,25.08,3.17,14.4,1.99
IETC,35.15,9.27,22.86,6
CNRG,27.35,3.4,12.69,2.62
FCG,0,1.31,4.53,1.83
FTXO,15.96,1.25,0,3.26
FLBR,20.55,2.26,6.41,1.61
QAT,17.17,1.22,0,3.13
CSB,17.94,1.54,7.08,1.01
JPXN,20.15,1.36,9.38,0.99
DGRE,16.02,2.12,9.36,1.27
FSZ,20.92,2.03,11.68,1.63
HDMV,17.88,1.46,8.41,1.15
IDHQ,21.8,3.55,15.82,2.54
XOUT,31.92,6.91,20.11,3.36
FGM,16.68,1.22,7.84,1.09
SOXS,0,0,0,0
DYNF,24.53,3.21,12.78,1.93
EFIV,28.03,4.08,16.5,2.74
DUST,0,0,0,0
ISMD,17.88,1.64,7.23,1.13
IFRA,20.71,1.99,8.3,1.16
SIXL,24.68,3.11,12.75,1.42
XLSR,31.54,5.53,16.48,3.4
CUT,18.81,1.98,8.34,1.13
ZJPN,20.24,1.36,9.15,1.01
QVAL,12.86,2.78,7.12,0.73
QLC,24.27,3.39,15.42,2.13
HAWX,20.28,1.77,10.35,1.45
ACWF,18.19,2.34,10.05,1.23
DTEC,40.34,5.91,23.91,5.54
XSVM,11.27,1.39,4.76,0.35
FDNI,42.63,7.6,26.72,6.07
YLCO,N/A,N/A,N/A,N/A
EWMC,21.97,2.04,9.63,1.34
INCO,46.32,7.16,22.36,3.72
SPVU,14.83,1.29,6.38,0.71
MMTM,31.37,5.8,18.84,3.09
FNGD,0,0,0,0
QABA,17.4,1.33,0,3.94
BICK,22.84,2.25,11.51,1.35
NUDM,20.7,1.68,10.29,1.38
RECS,23.6,3.81,13.54,2.3
LSAF,24.41,4.38,15.56,1.7
GBUY,29.24,4.15,15.73,2.29
DGT,20.59,1.46,8.69,1.29
XMHQ,23,3.45,13.66,1.82
RESP,23.5,3.87,13.97,1.98
USXF,30.28,5.07,19.01,3.69
QLVD,19.99,2.16,10.69,1.68
LOWC,23.75,2.6,14.2,2.14
PYZ,29.34,2.78,13.79,1.21
AADR,19.59,2.46,9.32,1.85
JDST,0,0,0,0
KARS,28.91,2.65,11.52,1.64
DEEF,17.18,1.55,8.41,0.97
TWM,0,0,0,0
BJK,27.12,3.09,17.83,3.73
GENY,29.77,5.49,15.24,2.27
FLGB,19.92,1.57,8.38,1.23
IVAL,12.28,1.39,6.28,0.64
IEZ,0,1.14,6.56,1.03
ISRA,23.27,2.51,12.11,2.09
ACSI,24.71,3.53,15.46,1.66
IJUL,0,0,0,0
NERD,26.39,4.52,19.89,2.5
EDOW,22.75,3.82,13.19,1.98
DWUS,37.55,8.9,23.17,4.94
MIDU,24.94,2.55,12.24,1.69
DWEQ,44.11,11.28,29.06,5.55
RFFC,23.41,4.21,14.32,2.38
JSML,27.01,3.89,16.03,1.98
FAB,15.56,1.59,8.09,1.14
WWJD,21.92,1.46,8.39,1.17
AMUB,0,0,0,0
SYLD,15.81,1.71,7.67,0.87
SPMO,33.85,8.77,20.29,4.15
DRIP,0,0,0,0
AIRR,22.33,2.14,9.48,0.96
EQWL,23.44,2.71,12.11,2.01
FLCH,17.39,2.13,14.68,1.8
OSCV,24.1,2.81,12.42,2.15
PBJ,19.97,2.52,9.49,0.46
TPIF,20.5,1.6,10.24,1.35
MFDX,20.98,1.78,8.32,1.01
IQDE,13.88,1.65,7.09,1.03
EWUS,22.8,1.9,8.07,1.16
XWEB,0,6.21,17.58,2.68
GLIN,25.5,4.9,18.52,3.58
HLAL,29.8,4.68,17,2.55
FTXL,32.03,6.68,22.95,6.68
SPYC,27.93,4,16.34,2.75
RUSL,11.53,1.16,5.22,1.34
JVAL,19.6,2.11,9.72,1.29
CSD,33.62,1.55,10.87,1.58
GURU,27.51,4.21,10.57,1.58
TECS,0,0,0,0
NUEM,19.8,2.13,11.87,1.49
RFV,12.81,1.14,4.59,0.52
MFUS,24.76,3.58,12.24,1.45
QSY,16.23,2.48,8.76,1.43
GDNA,28.94,3.97,15.33,2.3
VFMO,29.46,5.57,13.81,1.96
DEW,14.82,1.49,7.29,1.44
SQEW,20.4,2.07,10.1,1.37
PEZ,29.37,9.54,14.09,1.97
HEWG,22.12,1.62,8.18,1.03
DMXF,22.82,1.93,12.19,1.62
SCJ,17.25,1.03,8.05,0.65
IAK,12.07,0.93,0,0.96
PDEV,18.59,1.58,8.88,1.23
BUFR,27.93,4,16.31,2.74
HDGE,0,0,0,0
SLX,18.78,1.26,5.5,0.94
VFMF,18.88,2.62,8.98,1.09
GOEX,17.3,1.72,7.47,1.74
EIRL,27.14,1.27,10.75,1.12
TCHP,38.42,7.08,25.23,4.29
FTHI,17.85,1.86,8.53,1.74
RYE,0,1.35,6.2,0.98
CWEB,35.26,5.64,26.77,0
PRNT,39.15,5.73,22.21,3.41
HSCZ,18.86,1.41,8.58,0.95
PSCI,29.17,2.61,10.79,1.12
FIDI,15.04,1.05,5.99,0.96
CARZ,18.15,1.05,5.3,0.61
UTRN,31.23,3.38,16.26,3.26
EET,0,0,0,0
MOTI,13.9,1.16,7.57,1.52
SZNE,26.87,3.61,12.95,1.91
KEMQ,39.65,5.18,25.11,4.23
DALI,26.06,4.08,12.27,1.68
IVES,0,6.07,22.9,4.49
VFQY,21.41,3.26,11.72,1.26
IGN,35.7,2.77,12.34,1.84
GDAT,29.13,4.12,15.52,2.39
IJAN,21.18,1.65,10.02,1.36
CHIX,6.94,0.68,0,1.24
VFMV,27.76,4.05,16.08,2.51
LVHI,13.6,1.43,6.05,0.92
KGRN,15.01,2.09,11.03,1.41
QTUM,28.02,3.74,15.3,2.38
EWO,15.57,0.97,5.43,0.97
XTL,29.46,2.07,7.47,1.48
KORU,19.27,1.25,7.32,0.8
GERM,0,5.41,0,3.68
BRF,17.17,1.7,7.28,1.16
UBOT,48.36,3.87,24.61,3.32
LEGR,17.89,1.41,9.39,1.63
TPOR,29.06,4.28,10.92,1.56
PUI,17,2.05,8.9,2.32
ECNS,9.06,1.04,6.2,0.7
PBS,21.67,3.33,11.6,2.06
GMAN,29.57,3.82,14.68,2.05
XRLV,23.91,4.39,14.35,1.76
AFK,14.34,1.96,7.63,1.53
ACES,33.77,5.41,14.37,4.43
FILL,0,1.12,5.91,0.87
HAP,22.49,1.67,8.28,1.05
LNGR,29.54,4.16,17.52,3.68
GFIN,29.78,3.98,15.27,2.42
WBIG,18.94,2.58,10.79,1.61
RFEM,14.37,2.39,9.66,1.62
PFI,21.29,2.06,0,2.88
GLCN,23.54,5.01,20.6,3.01
JHMT,31.52,6.95,19.47,4.11
DWMF,N/A,N/A,N/A,N/A
DMRE,19.22,2.05,12.54,2.21
CNCR,0,5.84,0,8.36
THCX,0,3.09,0,2.89
RETL,0,4.02,7.56,0.57
IMOM,26.28,6.85,22.75,4.41
XMVM,14.22,1.35,6.14,0.65
CSF,19.12,1.89,9.44,1.27
KNOW,15.88,1.81,8.68,0.82
CNXT,34.63,6.61,26.98,4.27
ARGT,11.08,1.32,4.64,1.41
MLPI,0,0,0,0
KCE,18.98,2.86,0,2.69
ZCAN,18.21,1.91,10.52,1.85
DBLV,20.78,1.81,12.44,1.47
GXG,17.1,1.16,6.13,1.25
QWLD,22.63,2.33,11.67,1.73
BDCZ,0,0,0,0
ROAM,12.25,1.36,6.76,0.75
JHMH,25.36,4.63,15.83,1.4
HIBL,0,1.7,10.92,1.57
PXQ,32.46,6.35,21.72,4.33
WBIL,22.71,5.09,12.46,2.3
EVSTC,30.74,4.84,19.37,3.22
BKSE,21.66,2.56,11.73,1.64
ALTL,17.51,1.44,8.39,1.22
MLPC,0,0,0,0
QMOM,0,14.72,33.61,7.93
NGE,7.34,1.05,6.04,1.07
BBC,0,4.87,0,8.43
BKMC,25.5,3.11,14.47,1.9
UFO,18.98,1.7,7.81,1.72
CIZ,20.05,1.66,10.11,1.32
WBIY,14.33,1.54,5.25,0.79
JHMI,25.28,4.04,14.39,1.83
ENFR,18.18,1.19,4.9,0.76
JIG,38.74,7.24,24.79,5.71
UYM,0,0,0,2.51
UMDD,0,0,0,1.67
HOMZ,21.39,2.1,9.8,1.68
VFLQ,21.24,2.05,10.7,1.56
HAIL,24.99,3.16,8.55,1.27
LOUP,42.23,3.68,13.3,2.11
SSPY,21.9,2.54,11.75,1.36
EUDG,18.79,2.52,9.76,1.62
FJP,13.63,1.03,6.45,0.64
JHMC,30.9,6.15,13.27,1.86
TRND,25.06,2.64,13.3,1.98
MJJ,0,0,0,0
DURA,21.2,3.11,11.06,2.8
BATT,32.16,3.59,12.61,1.43
KLCD,25.04,3.4,12.76,1.52
GXTG,N/A,N/A,N/A,N/A
DIVB,21.51,2.47,12.12,1.94
WEBL,37.4,8.29,25,5.15
PQIN,17.84,1.32,7.92,0.98
LEAD,30.6,7.56,21.51,3.23
EWK,15.62,1.59,9.77,1.61
WBIE,20.24,4.21,12.09,1.94
TADS,25.99,4.32,15.61,1.49
EWGS,21.68,1.71,8.53,0.85
ERSX,31.5,6.82,18.87,2.82
HIBS,0,0,0,0
POTX,0,2.35,0,4.67
KBWR,17.65,1.31,0,4.09
DWSH,0,0,0,0
BKIE,21.04,1.82,10.63,1.55
NORW,17.62,1.75,7.77,1.48
DDLS,13.08,1.14,5.73,0.72
ABEQ,20.3,1.69,12.66,1.86
FSMD,18.29,2.25,8.77,1.32
BKEM,19.65,2.17,12.05,1.95
FVL,24.26,4.13,15.54,1.65
YANG,0,0,0,0
DUSL,27.17,4.65,16.46,2.38
JOYY,32.47,7.1,20.58,4.69
WBIF,19.42,3.15,10.01,1.41
TDVG,29.43,4.45,18.33,3.31
IDX,18.37,1.89,7.34,1.7
EJUL,0,0,0,0
VEGN,28.92,4.84,16.31,3.24
KOL,9.31,0.78,4.41,0.98
ERY,0,0,0,0
RESE,18.32,2.05,9.8,1.23
FNK,14.03,1.52,7.92,1.12
VEGI,24.82,2.27,10.08,1.06
PAK,6.94,1.09,5.2,0.77
XPP,0,0,0,0
IPOS,28.84,5.81,14.29,2.22
ZMLP,10.87,1.68,4.92,0.57
KSCD,22.68,2.13,12.99,1.36
ASHS,22.89,2.07,11.4,1.17
SPUS,31.6,7.26,20.86,4.85
SPVM,16.39,1.92,7.58,0.7
EUSC,13.94,1.3,5.96,0.93
BMLP,0,0,0,0
SMHB,0,0,0,0
EURL,20.82,1.91,10.24,1.42
IUSS,20.5,2.24,7.64,1
DAX,23.41,1.67,8.06,1.06
PSCC,25.76,2.76,11.58,0.44
ASEA,15.79,1.39,0,2.25
CHGX,29.45,4.85,17.33,2.91
VLU,20.69,1.92,9.61,1.22
TPSC,18.94,1.87,9.49,1.3
YGRN,0,0,0,0
RSXJ,12.3,1.31,3.55,0.6
DXJS,13.29,0.77,5.89,0.48
RWGV,35.22,11.11,22.35,4.24
ICOW,15.54,1.29,4.44,0.63
LBJ,20.58,2.05,5.45,1.81
LFEQ,27.41,3.97,16.27,2.65
IQDY,14.89,1.73,8.74,1.12
IEIH,24.78,6.02,16.17,4.61
PSET,27.4,5.45,19.52,3.42
DEEP,10.35,1.2,4.75,0.58
DVYA,12.11,0.71,5.9,1.16
USDY,18.85,2.1,10.2,1.25
EVX,20.17,3.5,12.33,1.85
AWAY,0,3.37,0,3.92
EJAN,19.32,2.04,11.03,1.62
DXGE,20.24,1.66,6.41,0.7
CALF,13.65,1.63,3.92,0.44
IZRL,29.8,3.69,12.85,2.15
UTES,24.46,2.26,11.42,3.1
ISZE,19.79,1.41,9.08,1.07
EFNL,21.75,2.47,11.44,1.19
PSCF,16.5,1.31,0,2.58
ALFA,38.48,11.33,28.87,4.8
EWSC,19.49,1.62,6.64,0.83
ZDEU,21.88,1.69,7.88,1.05
JHMF,17.75,1.55,0,2.14
BBP,0,5.47,0,5.37
CN,19.02,2.41,16.32,1.94
UCC,0,0,0,1.71
FLQM,24.76,3.95,14.38,1.86
SIXS,13.59,1.64,5.47,0.59
PSCE,0,1.23,4.23,0.99
NRGZ,0,0,0,0
JHCS,24.91,3.24,10.62,2.55
FEUZ,14.75,1.13,7.11,0.82
EUM,0,0,0,0
DDIV,19.02,1.69,10.4,1.88
BDCS,0,0,0,0
CWS,27.24,4.36,18.79,3.04
XCEM,21.1,1.86,8.88,1.46
EDZ,0,0,0,0
SAA,0,0,0,1.15
TGRW,39.12,7.85,24.01,4.07
PSCD,16.45,2.93,8.16,0.73
JHMA,26.92,2.99,10.84,1.73
GXF,21.36,2.77,15.51,2.32
CNBS,0,3.3,0,5.9
SPDV,14.67,1.79,7.66,0.92
XSHQ,21.18,2.07,13.32,1.74
SYG,30.17,8.34,16.98,2.82
GIGE,0,7.62,19.56,5.09
FID,13.1,1.1,6.99,1.06
FLQD,18.27,2.77,10.95,2
FYLD,13.44,1.2,6.2,0.98
FOVL,14.96,1.35,0,1.16
LRNZ,0,16.8,38.33,17.15
JHMS,20.87,3.68,12.08,1
BDCX,0,0,0,0
MLPY,N/A,N/A,N/A,N/A
IECS,24.44,4.64,16.08,2.23
FLSW,22.32,2.91,16.51,2.42
IDY,16.54,1.3,6.83,0.82
XSHD,20.24,1.5,7.63,0.84
IEDI,32.03,8.22,15.92,1.66
SDEM,7.04,0.76,5.13,0.79
OLD,30.68,2.03,12.92,2.79
RNDM,21.4,2,10.03,1.36
FIHD,0,0,0,0
EBLU,32.48,3.26,11.69,1.82
EWCO,22.84,2.77,9.35,2.14
RWVG,22.52,2.37,12.4,1.99
SMCP,17.37,1.72,8.17,1.08
ZIG,11.57,2.22,8.73,1.23
FLQE,12.49,1.43,9.06,1.55
ICOL,16.58,1.2,5.83,1.26
EMDV,15.74,2,10.87,1.07
EINC,19.35,1.53,4.99,1.05
RNLC,24.17,3.24,12.94,1.73
FLKR,18.98,1.16,7.55,0.79
FTXH,23.03,4.02,14.15,1.4
EDOG,13.25,1.2,4.67,0.74
SKF,0,0,0,0
ISEM,13.15,1.04,5.23,0.52
TEQI,21.07,1.84,10.93,1.64
GRES,17.83,1.58,7.74,1.08
ENOR,18.13,1.79,7.96,1.49
KNG,24.37,3.14,13.84,1.51
GSJY,19.89,1.41,8.65,0.9
CID,14.59,1.07,6.35,0.86
CHIK,35.51,4.55,20.9,1.91
FXP,0,0,0,0
UXI,0,0,0,2.3
MEXX,16.86,1.78,6.36,1.29
HDAW,13.96,1.53,7.65,1.15
FLAX,19.28,1.86,11.55,1.58
BFIT,29.33,3.32,13.13,1.49
JHMU,18.92,1.93,8.93,2.27
FMK,23.13,2.8,12.34,1.68
EMTY,0,0,0,0
CSA,19.12,1.89,9.44,1.27
VPC,0,0.89,0,7.51
OEUR,22.1,3.76,13.49,2.44
KNAB,0,0,0,0
PBUS,28.33,4.13,16.7,2.82
SPUU,27.93,4,16.31,2.75
SPXE,27.28,4.18,16.71,2.75
BUYZ,0,14.7,35.52,7.41
KOIN,26.77,3.78,12.96,2.6
PSCU,29.12,2.33,9.1,1.33
XBUY,0,4.45,13.16,1.4
SYE,19.37,3.24,12.93,1.64
PEX,19.25,1.06,0,1.91
RESD,19.42,1.79,10.39,1.39
FLTW,19.49,1.97,10.8,1.18
WANT,33.57,8.42,16.29,2.43
PXI,0,1.42,4.66,1.4
FIVA,14.52,1.23,6.96,0.86
RFEU,19.87,2.79,13.42,1.97
NACP,26.36,4.03,15.37,2.84
MYY,0,0,0,0
FKU,16.44,1.33,7.37,0.9
EYLD,10.11,1.41,6.32,0.61
NULC,27.08,4.42,17.37,2.85
EGPT,9.08,1.25,5.86,0.78
MLPR,0,0,0,0
SYV,16.36,1.93,9.47,1.08
GSEU,20.94,2.06,9.24,1.24
PILL,28.13,3.67,12.74,3.14
CHIS,31.55,6.88,21.7,3.21
DUG,0,0,0,0
IDHD,15.42,1.15,6.04,0.96
UTSL,22,2.01,10.1,2.76
NLR,14.96,0.85,4.23,0.54
BNKU,3.26,0.71,0,2.09
CHIC,25.97,3.08,14.98,4.32
JMIN,23.56,2.89,13.06,2.05
CRAK,0,1.14,5.95,0.38
BZQ,0,0,0,0
FPA,12.76,0.95,6.4,0.83
FIEE,0,0,0,0
FTXN,0,1.05,4.86,1.17
PGAL,19.73,1.33,4.25,0.67
PY,17.84,2.02,9.98,1.1
DBEZ,21.4,1.67,9.44,1.23
CEY,10.5,1.02,5.46,0.65
IEHS,28.51,4.34,16.56,1.52
GNAF,0,0,0,0
FITE,24.9,3.34,14.03,1.79
PXE,0,1.51,6.53,1.61
PAMC,30.91,4.62,13.03,1.73
EMFM,17.88,1.8,9.06,1.79
FEUL,0,0,0,0
TUSA,18.88,2.42,11,1.51
DVLU,15.2,1.36,6.58,0.96
EASG,21.74,1.97,10.99,1.53
JPN,20.74,1.45,9.47,1.06
EMIF,12.73,0.93,4.95,1.14
FIYY,0,0,0,0
FLQS,22.5,2.79,10.2,1.23
SFYX,24.72,2.84,14.02,2.07
MJO,0,0,0,0
URNM,0,1.72,0,3.76
FLAU,23.61,2.12,11.92,2.67
EWJV,15.16,0.88,6.39,0.69
MLPO,0,0,0,0
JDIV,20.42,2.04,8.02,1.36
SSLY,19.39,1.82,7.2,0.77
QDYN,20.71,3.62,11.15,1.83
SEF,0,0,0,0
FLHK,20.24,1.24,8.67,2.08
KWT,19.47,1.33,0,3.04
OMFS,16.85,2.42,7.32,0.76
ZHOK,21.76,1.42,9.62,2.55
RNMC,20.97,2.08,9.54,1.29
PALC,15.87,1.34,7.22,0.89
FLQG,19.98,3.21,11.53,2.18
YLDE,25.91,3.25,15.64,2.89
FLIN,26.4,2.8,13.27,2.06
PYPE,0,0,0,0
HSMV,24.07,2.33,12.05,1.69
EEMO,26.99,4.98,16.73,3.11
BNKO,0,0,0,0
TTAI,24.2,2.83,11.89,2.15
USAI,18.78,1.65,3.87,0.9
FLN,15.53,1.75,6.64,1.22
UAE,13.46,1.04,0,3.18
IEME,22.9,2.84,10.7,2.14
SQLV,11.94,1.39,5.41,0.68
DBGR,21.44,1.7,8.15,1.07
QLVE,18.53,2.02,10.22,1.93
JHME,0,1.43,6.8,1
BNKZ,0,0,0,0
DWCR,24.78,3.07,14.21,2.14
ASHX,20.8,2.5,17.31,1.93
KFYP,15.59,1.96,9.41,0.74
FCA,7.3,0.82,4.01,0.5
SMEZ,17.06,1.28,9,1.02
PQSG,21.31,3.17,10.92,1.43
UPW,0,0,0,2.53
HEWC,17.61,1.87,10.64,1.76
WOMN,26.62,3.95,15.68,2.55
EFO,0,0,0,0
MVIN,20.83,2.26,9.55,1.12
GOAT,24.05,3.45,15.37,3.31
UGE,0,0,0,2.54
CHNA,0,2.98,0,0.97
ZGBR,19.69,1.57,8.21,1.18
PQLC,21.5,2.68,12.58,1.77
ESNG,27.03,5.28,16.91,3
SLT,23.42,2.43,15.45,1.82
SDVY,18.05,1.85,11.86,1.11
PSM,17.28,1.81,7.79,1.08
IMLP,0,0,0,0
DZK,17.36,1.64,9.98,1.18
QMJ,27.94,6.55,18.44,3.26
TTTN,37.12,5.54,20.89,7.42
FDEV,20.08,2.23,10.79,1.63
CHIH,29.55,5.07,21.82,2.15
XJH,24.56,2.45,12.02,1.58
PLAT,41.43,8.52,27.68,7
FRAK,0,1.21,4.48,1.62
EFZ,0,0,0,0
FDEM,16.07,2.02,11.04,1.52
ROKT,27.87,2.96,13.81,1.51
BIS,0,0,0,0
SIMS,32.99,2.96,13.52,1.8
CCON,28.91,4.83,19.18,3.92
IDLB,18.75,1.48,9.79,1.14
PQSV,12.91,1.16,5.98,0.84
ACT,N/A,N/A,N/A,N/A
FLQH,18.76,2.29,9.54,1.74
HDLB,0,0,0,0
AFTY,16.28,2.05,19.65,2.24
EPV,0,0,0,0
SDYL,0,0,0,0
QRFT,35.03,9.22,24.29,5.5
MLPE,0,0,0,0
EFAS,12.2,1.09,4.81,0.72
THNQ,43.5,9.67,28.14,7.09
MAGA,21.05,2.06,9.56,1.32
RNSC,21.17,1.78,8.57,0.99
HEWU,19.58,1.54,8.29,1.22
PSCM,29.01,2.35,10.6,1.09
FBZ,15.08,1.92,6.09,1.05
CEZ,15.38,1.58,8.23,1.05
BOUT,20.48,6.3,10.75,2.36
RVRS,19.65,2.03,10.07,1.41
EMSG,22.35,2.47,13.85,2.22
EMMF,N/A,N/A,N/A,N/A
PBSM,22.15,2.56,11.78,1.6
TPAY,36.87,4.77,20.4,5.1
FTRI,17.83,1.97,7.61,1.59
INFR,20.78,1.78,9.14,2.03
ACSG,21.78,2.13,11.86,1.75
FLRU,10.94,0.87,4.66,1.09
EUDV,24.57,3.23,13.13,2.14
USLB,24.6,3.21,14.35,1.98
UBR,0,0,0,0
RFAP,19.66,2.01,11.5,1.8
FDTS,10.13,0.92,4.86,0.47
HIPR,27.19,4.99,16.69,2.03
IDMO,26.15,4.43,17.85,3.09
PBDM,20.85,1.66,9.88,1.33
TAAG,23.88,4.98,17.62,1.44
PXJ,0,1,6.11,1.28
AGT,10.88,1.2,4.31,1.28
FLFR,21.49,1.63,10.79,1.3
SMDD,0,0,0,0
NIFE,21.59,1.95,13.59,1.88
MID,37.85,7.85,27.13,5.97
JPNL,,,,
EWJE,19.9,1.19,8.56,0.8
PLC,23.75,3.97,14.65,1.57
AMU,0,0,0,0
NRGD,0,0,0,0
FLM,13.83,1.33,6.33,0.45
OBOR,14.37,1.54,8.01,1.36
ROSC,13.88,1.88,7.35,0.82
EEV,0,0,0,0
XVV,27.19,4.03,16.55,2.69
FTXD,19.09,5.26,9.47,0.54
EDUT,0,5.81,26.14,3.37
SBB,0,0,0,0
RNEM,11.38,1.24,7.54,0.65
MOTO,33.39,3.17,13.37,1.52
FLGR,21.77,1.65,8.38,1.06
ECOZ,34.23,7.81,22.72,2.44
SFYF,39.75,5.65,19.64,2.64
IBBJ,0,5.76,0,7.57
KALL,17.13,2.1,15.27,1.75
XJR,20.78,2.02,9.52,1.13
QDIV,18.2,2.2,10.68,1.62
QQQM,34.42,7.93,21,4.64
FLCA,18.18,1.91,11.21,1.87
EKAR,30.2,2.01,9.86,1.05
DYHG,27.93,4,16.31,2.75
TAWK,21.37,3.61,11.97,2.97
RNDV,20.35,2.56,9.54,1.22
AIIQ,23.33,2.8,11.13,1.96
STLV,15.16,1.71,8.96,1.13
DEFA,21.18,1.65,10.02,1.36
STSB,17.02,2.37,8.71,1.18
SPXN,29.72,5.19,16.19,2.69
BOSS,29.78,3.96,19.56,4.22
EURZ,21.21,1.67,9.54,1.28
REW,0,0,0,0
KESG,14.56,1.91,13.13,1.8
ESGS,16.01,1.89,9.22,0.88
BNKD,0,0,0,0
EZJ,0,0,0,0
WLDR,17.05,2.06,7.97,1.03
CHIL,20.61,2.79,25.54,3.53
UPV,0,0,0,0
STMB,18.73,2.31,11.01,1.29
VWID,15.08,1.38,6.93,1.07
AMOM,34.89,13.16,22.66,3.12
RODE,12.11,1.24,6.64,0.74
NRGO,0,0,0,0
STLC,20.57,3.12,12.81,1.61
FLJH,20.52,1.34,9.26,0.99
EWV,0,0,0,0
QVM,17.09,2.39,9.4,1.15
SPXT,25.4,3.22,14.83,2.18
ESGN,13.53,1.05,4.81,0.6
FTLB,18.05,1.89,8.66,1.76
IEFN,15.72,1.33,0,1.75
FLMX,15.18,1.84,6.35,1.24
NEED,24.8,5.33,14.8,1.52
STLG,29.71,11.67,17.8,2.27
ARMR,26.95,3.73,15.4,2.39
FLEH,21.04,1.77,10.23,1.4
QYLG,36.15,8.21,21.86,4.83
YXI,0,0,0,0
HELX,0,10.68,34.49,12.03
WIL,0,0,0,0
OVF,21.03,1.97,11.16,1.68
SPMV,24.33,3.58,13.89,2.35
AFLG,23.17,3.81,14.06,1.97
FNGZ,0,0,0,0
EEMD,8.28,0.73,2.46,0.41
WEBS,0,0,0,0
IQM,45.07,10.18,33.06,8.99
FLRG,22.54,4.23,13.5,2.96
SSG,0,0,0,0
NFTY,23.24,2.24,7.59,1.24
FCPI,20.56,3.24,10.4,1.84
FTAG,27.15,2.14,9.53,1.27
SDGA,23.74,2.58,15.35,2.63
FHK,9.92,0.78,7.31,1.13
SDD,0,0,0,0
FLIY,14.4,1.14,5.63,0.72
KMED,39.54,6.5,27.09,5.14
ECLN,19.57,2.23,9.62,3.06
OVS,20.72,1.95,8.8,1.12
AZBA,27.4,3.97,16.26,2.65
AZAA,27.4,3.97,16.26,2.65
HJPX,20.15,1.36,9.38,0.99
BUL,28.49,6.63,16.88,2.87
DDG,0,0,0,0
INDF,22.57,2.56,0,3.71
MIDF,19.95,3,12.12,1.64
AMCA,21.24,2.31,10.9,1.66
SMDY,23.53,2.28,9.79,1.36
FCAN,16.61,1.26,8.08,1.18
USHG,25.32,3.53,15.61,2.54
USEQ,22.5,2.63,12.65,1.78
MZZ,0,0,0,0
CEFA,22.16,1.7,10.39,1.43
KEMX,21.02,1.84,9.26,1.48
FPXE,31.56,4.6,19.77,3.24
DWMC,0,3.34,7.33,1.17
GBGR,0,4.27,12.41,2.29
FLEU,0,0,0,0
PBEE,18.33,2.15,11.59,1.83
TLDH,,,,
FAUS,20.11,1.6,8.77,1.26
GBLO,20.15,3.56,9.82,0.88
MLPG,0,0,0,0
FFEU,0,0,0,0
IXSE,31.94,3.66,15.54,3.08
FLSA,18.38,2.06,10.89,3.62
HDIV,20.74,2.49,9.41,1.37
MUTE,0,0,0,0
CHB,44.52,6.92,30.82,7.4
PASS,0,0,0,0
ECOW,10.45,1.18,3.77,0.62
GLIF,27.2,2.09,9.81,2.34
SMN,0,0,0,0
FTXG,20.27,2.45,11.66,1.2
MMLG,39.22,8.83,26.48,5.36
DMDV,13.61,0.98,4.23,0.7
FLZA,18.58,1.76,0,1.41
CHII,13.17,1.44,7.47,0.83
CBSE,26.55,3.02,8.73,1.37
RODI,0,0,0,0
AFSM,18.5,2.4,10.15,1.22
SDP,0,0,0,0
CHIM,14.87,1.54,5.09,0.7
FKO,12.87,0.72,4.34,0.47
AFMC,19.31,2.47,10.98,1.41
FLLA,18.5,1.98,6.3,1.45
SPXV,27.71,3.89,16.36,2.89
BDCY,0,0,0,0
EFU,0,0,0,0
GBDV,18.81,1.63,6.85,0.94
CHIE,8.81,0.61,3.57,0.48
VETS,18.29,2.08,10.61,1.31
PEXL,28.56,4.34,15.29,1.89
TLEH,,,,
RXD,0,0,0,0
XCOM,0,0,0,0
EQRR,20.22,1.84,9.13,1.48
CHIU,12.03,1.1,4.6,1.15
HERD,16.77,1.94,5.64,0.71
SIJ,0,0,0,0
SBM,0,0,0,0
EEH,0,0,0,0
LMLB,0,0,0,0
LTL,0,0,0,1.64
BUY,7.87,0.83,2.73,0.27
HEWW,15.1,1.71,6.2,1.24
SCC,0,0,0,0
SZK,0,0,0,0
DUAL,31.61,3.29,16.27,2.43
VSL,26.45,3.09,12.68,2.07
REVS,18.36,2.27,10.02,1.7
LACK,0,0,0,0
YCOM,0,0,0,0
LEND,12.77,1.85,0,2.03
FNOV,27.94,4,16.31,2.74
PNOV,27.17,3.81,16.08,2.62
DFEB,27.94,4,16.31,2.74
DAUG,27.94,4,16.31,2.74
UJUN,27.17,3.81,16.08,2.62
UAUG,27.17,3.81,16.08,2.62
USEP,27.17,3.81,16.08,2.62
GSID,20.93,1.65,9.98,1.36
FMIL,19.86,2,10.24,1.33
FMAY,27.94,4,16.31,2.74
KAPR,20.24,2.35,9.75,1.37
DJUN,27.94,4,16.31,2.74
BMAR,27.17,3.81,16.08,2.62
PMAY,27.17,3.81,16.08,2.62
CFCV,0,0,0,0
FFEB,27.94,4,16.31,2.74
FAUG,27.94,4,16.31,2.74
FNGS,0,0,0,0
KOCT,20.24,2.35,9.75,1.37
UNOV,27.17,3.81,16.08,2.62
BDEC,27.17,3.81,16.08,2.62
AZBO,27.4,3.97,16.26,2.65
EQOP,26.89,2.7,14.72,2.31
GSUS,27.67,4,16.59,2.74
VIRS,25.59,5.84,16.82,2.02
NAPR,34.65,7.86,21.31,4.77
FJUN,27.94,4,16.31,2.74
PMAR,27.17,3.81,16.08,2.62
UMAY,27.17,3.81,16.08,2.62
KJAN,20.28,2.36,9.75,1.37
TMDV,24.86,2.64,11.64,1.65
NOCT,34.65,7.86,21.31,4.77
PDEC,27.17,3.81,16.08,2.62
BAUG,27.17,3.81,16.08,2.62
BSEP,27.17,3.81,16.08,2.62
LSLT,22.89,2.93,13.25,2.24
BJUN,27.17,3.81,16.08,2.62
MFMS,37.02,5.38,21.56,3.31
AMER,20.91,2.61,9.4,1.29
AZAO,27.4,3.97,16.26,2.65
LIVVNMC,,,,
FBCG,37.52,7.96,23.89,4.26
WUGI,40.11,11.63,30.78,9.18
KJUL,20.24,2.35,9.75,1.37
FDG,40.26,10.09,28.39,6.56
UMAR,27.17,3.81,16.08,2.62
UDEC,27.17,3.81,16.08,2.62
NJAN,34.61,7.83,21.28,4.75
DNOV,27.94,4,16.31,2.74
AESR,26.71,3.82,16.63,2.63
BNOV,27.17,3.81,16.08,2.62
PJUN,27.17,3.81,16.08,2.62
PAUG,27.17,3.81,16.08,2.62
TDV,30.33,5.15,15.44,2.07
FRDM,21.39,2.06,8.92,1.56
PSEP,27.17,3.81,16.08,2.62
TOKE,0,3.48,0,2.93
LUXE,39.31,3.07,14.13,2.21
SPAK,0,0,0,0
FBCV,19.02,2.04,9.87,1.23
DMAY,27.94,4,16.31,2.74
NJUL,34.65,7.86,21.31,4.77
BMAY,27.17,3.81,16.08,2.62
FLV,21.89,2.45,15,2.43
GSEE,18.33,1.99,10.76,1.57
